-- MySQL dump 10.13  Distrib 8.0.37, for Win64 (x86_64)
--
-- Host: localhost    Database: wemove
-- ------------------------------------------------------
-- Server version	8.0.37

/*!40101 SET @OLD_CHARACTER_SET_CLIENT=@@CHARACTER_SET_CLIENT */;
/*!40101 SET @OLD_CHARACTER_SET_RESULTS=@@CHARACTER_SET_RESULTS */;
/*!40101 SET @OLD_COLLATION_CONNECTION=@@COLLATION_CONNECTION */;
/*!50503 SET NAMES utf8mb4 */;
/*!40103 SET @OLD_TIME_ZONE=@@TIME_ZONE */;
/*!40103 SET TIME_ZONE='+00:00' */;
/*!40014 SET @OLD_UNIQUE_CHECKS=@@UNIQUE_CHECKS, UNIQUE_CHECKS=0 */;
/*!40014 SET @OLD_FOREIGN_KEY_CHECKS=@@FOREIGN_KEY_CHECKS, FOREIGN_KEY_CHECKS=0 */;
/*!40101 SET @OLD_SQL_MODE=@@SQL_MODE, SQL_MODE='NO_AUTO_VALUE_ON_ZERO' */;
/*!40111 SET @OLD_SQL_NOTES=@@SQL_NOTES, SQL_NOTES=0 */;

--
-- Table structure for table `entry`
--

DROP TABLE IF EXISTS `entry`;
/*!40101 SET @saved_cs_client     = @@character_set_client */;
/*!50503 SET character_set_client = utf8mb4 */;
CREATE TABLE `entry` (
  `id` int NOT NULL AUTO_INCREMENT,
  `memberid` int NOT NULL,
  `entrytime` datetime NOT NULL,
  `leavetime` datetime NOT NULL,
  PRIMARY KEY (`id`),
  KEY `fk_subscription_idx` (`memberid`),
  CONSTRAINT `fk_member_entry` FOREIGN KEY (`memberid`) REFERENCES `member` (`id`)
) ENGINE=InnoDB DEFAULT CHARSET=utf8mb4 COLLATE=utf8mb4_0900_ai_ci;
/*!40101 SET character_set_client = @saved_cs_client */;

--
-- Dumping data for table `entry`
--

LOCK TABLES `entry` WRITE;
/*!40000 ALTER TABLE `entry` DISABLE KEYS */;
/*!40000 ALTER TABLE `entry` ENABLE KEYS */;
UNLOCK TABLES;

--
-- Table structure for table `entry_seq`
--

DROP TABLE IF EXISTS `entry_seq`;
/*!40101 SET @saved_cs_client     = @@character_set_client */;
/*!50503 SET character_set_client = utf8mb4 */;
CREATE TABLE `entry_seq` (
  `next_val` bigint DEFAULT NULL
) ENGINE=InnoDB DEFAULT CHARSET=utf8mb4 COLLATE=utf8mb4_0900_ai_ci;
/*!40101 SET character_set_client = @saved_cs_client */;

--
-- Dumping data for table `entry_seq`
--

LOCK TABLES `entry_seq` WRITE;
/*!40000 ALTER TABLE `entry_seq` DISABLE KEYS */;
INSERT INTO `entry_seq` VALUES (1);
/*!40000 ALTER TABLE `entry_seq` ENABLE KEYS */;
UNLOCK TABLES;

--
-- Table structure for table `member`
--

DROP TABLE IF EXISTS `member`;
/*!40101 SET @saved_cs_client     = @@character_set_client */;
/*!50503 SET character_set_client = utf8mb4 */;
CREATE TABLE `member` (
  `id` int NOT NULL AUTO_INCREMENT,
  `gender` varchar(255) DEFAULT NULL,
  `firstname` varchar(50) NOT NULL,
  `lastname` varchar(50) NOT NULL,
  `email` varchar(150) NOT NULL,
  `address` varchar(150) DEFAULT NULL,
  `phone` varchar(25) DEFAULT NULL,
  `picture` varchar(255) DEFAULT NULL,
  `active` tinyint NOT NULL,
  PRIMARY KEY (`id`),
  UNIQUE KEY `constraint_name` (`email`)
) ENGINE=InnoDB AUTO_INCREMENT=984 DEFAULT CHARSET=utf8mb4 COLLATE=utf8mb4_0900_ai_ci;
/*!40101 SET character_set_client = @saved_cs_client */;

--
-- Dumping data for table `member`
--

LOCK TABLES `member` WRITE;
/*!40000 ALTER TABLE `member` DISABLE KEYS */;
INSERT INTO `member` VALUES (403,NULL,'mouadh','ounissi','ounissimouadh45@gmail.com',NULL,NULL,NULL,1),(484,'female','Harper','Ginnish','harper.ginnish@example.com','Duke St Maidstone','T56 O56-9382','https://randomuser.me/api/portraits/med/women/70.jpg',1),(485,'female','Neha','Chavare','neha.chavare@example.com','Sao Tome Old Quarter Ambala','8453457066','https://randomuser.me/api/portraits/med/women/88.jpg',1),(486,'female','Indie','Clarke','indie.clarke@example.com','Devon Street Porirua','(174)-756-3054','https://randomuser.me/api/portraits/med/women/78.jpg',1),(487,'female','Francisca','Santana','francisca.santana@example.com','Calle de Bravo Murillo Barcelona','976-554-744','https://randomuser.me/api/portraits/med/women/81.jpg',1),(488,'male','Braxton','Thompson','braxton.thompson@example.com','Waipuna Road Whangarei','(823)-958-6420','https://randomuser.me/api/portraits/med/men/55.jpg',1),(489,'female','Christa','Garnier','christa.garnier@example.com','Rue du Bât-D\'Argent Rossa','076 429 01 97','https://randomuser.me/api/portraits/med/women/19.jpg',1),(490,'male','Hannes','Koren','hannes.koren@example.com','Jo de Grootstraat Vinkeveen','(0425) 490021','https://randomuser.me/api/portraits/med/men/75.jpg',1),(491,'male','Akseli','Wainio','akseli.wainio@example.com','Myllypuronkatu Kurikka','09-753-358','https://randomuser.me/api/portraits/med/men/83.jpg',1),(492,'female','Eleanor','Simmmons','eleanor.simmmons@example.com','Cork Street Dublin','041-660-7283','https://randomuser.me/api/portraits/med/women/90.jpg',1),(493,'male','Nêuton','Barros','neuton.barros@example.com','Rua Rui Barbosa  Cametá','(77) 0796-2139','https://randomuser.me/api/portraits/med/men/69.jpg',1),(494,'female','Anzhelika','Starcev','anzhelika.starcev@example.com','Pavlivskiy maydan Radehiv','(067) W48-0562','https://randomuser.me/api/portraits/med/women/94.jpg',1),(495,'female','Darliane','da Cruz','darliane.dacruz@example.com','Rua Espirito Santo  Sumaré','(52) 2576-3819','https://randomuser.me/api/portraits/med/women/36.jpg',1),(496,'female','Suzimara','Silva','suzimara.silva@example.com','Rua São Jorge  Aracaju','(71) 0751-6513','https://randomuser.me/api/portraits/med/women/39.jpg',1),(497,'male','Fred','Wheeler','fred.wheeler@example.com','Lone Wolf Trail Darwin','01-7321-2306','https://randomuser.me/api/portraits/med/men/0.jpg',0),(498,'female','Malvina','da Cruz','malvina.dacruz@example.com','Rua São Pedro  Sapucaia do Sul','(24) 1404-2295','https://randomuser.me/api/portraits/med/women/32.jpg',1),(499,'female','Madhumita','Dsouza','madhumita.dsouza@example.com','Rani No Hajiro Farrukhabad','8250376334','https://randomuser.me/api/portraits/med/women/40.jpg',1),(500,'male','Guildo','da Costa','guildo.dacosta@example.com','Rua Das Flores  Ubá','(71) 6418-9500','https://randomuser.me/api/portraits/med/men/16.jpg',1),(501,'female','Buse','Candan','buse.candan@example.com','Şehitler Cd Van','(502)-894-4992','https://randomuser.me/api/portraits/med/women/29.jpg',1),(502,'male','Abraham','Bork','abraham.bork@example.com','Tannenweg Meßstetten','0332-9303516','https://randomuser.me/api/portraits/med/men/40.jpg',1),(503,'male','Frederik','Rolvink','frederik.rolvink@example.com','Eelke Scherjonstrjitte Waalre','(054) 3486999','https://randomuser.me/api/portraits/med/men/43.jpg',1),(504,'female','Annamarie','Brun','annamarie.brun@example.com','Place de L\'Abbé-Jean-Lebeuf Bürglen (Tg)','077 777 81 39','https://randomuser.me/api/portraits/med/women/47.jpg',1),(505,'male','Pedro','Knight','pedro.knight@example.com','Mill Lane Nottingham','01540 257986','https://randomuser.me/api/portraits/med/men/93.jpg',1),(506,'male','Hvalibog','Stashkevichi','hvalibog.stashkevichi@example.com','Svyatoslavska Brovari','(068) I29-1246','https://randomuser.me/api/portraits/med/men/90.jpg',1),(507,'female','Victoria','Jean-Baptiste','victoria.jean-baptiste@example.com','Arctic Way Minto','O71 L60-5855','https://randomuser.me/api/portraits/med/women/66.jpg',0),(508,'female','Izzie','Moreno','izzie.moreno@example.com','York Road Belfast','016977 34553','https://randomuser.me/api/portraits/med/women/45.jpg',1),(509,'female','Lisa','Arnold','lisa.arnold@example.com','Richmond Road Coventry','0181 160 7318','https://randomuser.me/api/portraits/med/women/83.jpg',1),(510,'male','Edward','Chen','edward.chen@example.com','Ellerslie-Panmure Highway Palmerston North','(343)-455-8045','https://randomuser.me/api/portraits/med/men/18.jpg',1),(511,'male','Johnny','Evans','johnny.evans@example.com','Harrison Ct Las Vegas','(448) 756-1735','https://randomuser.me/api/portraits/med/men/98.jpg',0),(512,'male','Batko','Karpeka','batko.karpeka@example.com','Dzhohara Dudaieva Stariy Sambir','(097) C29-3837','https://randomuser.me/api/portraits/med/men/6.jpg',1),(513,'male','سورنا','رضاییان','swrn.rdyyn@example.com','مقدس اردبیلی آبادان','044-07174179','https://randomuser.me/api/portraits/med/men/46.jpg',1),(514,'male','Arman','Vaassen','arman.vaassen@example.com','Graafbij Amstelhoek','(057) 1939489','https://randomuser.me/api/portraits/med/men/29.jpg',1),(515,'male','Valdemar','Petersen','valdemar.petersen@example.com','Teglbakken Skaerbaek','66199665','https://randomuser.me/api/portraits/med/men/14.jpg',1),(516,'male','Santiago','Jiménez','santiago.jimenez@example.com','Calle de Toledo Almería','900-658-311','https://randomuser.me/api/portraits/med/men/71.jpg',1),(517,'female','Aaliyah','Wilson','aaliyah.wilson@example.com','Gloucester Street Timaru','(833)-012-8951','https://randomuser.me/api/portraits/med/women/58.jpg',1),(518,'female','Buse','Özkara','buse.ozkara@example.com','Vatan Cd Muş','(578)-990-0972','https://randomuser.me/api/portraits/med/women/63.jpg',1),(519,'female','Pippa','Edwards','pippa.edwards@example.com','Puhinui Road Hamilton','(368)-911-9836','https://randomuser.me/api/portraits/med/women/10.jpg',1),(520,'female','Purificación','Duran','purificacion.duran@example.com','Calle de Téllez Pamplona','946-391-230','https://randomuser.me/api/portraits/med/women/16.jpg',1),(521,'female','Simona','Meunier','simona.meunier@example.com','Rue Chazière Steinmaur','076 102 63 29','https://randomuser.me/api/portraits/med/women/16.jpg',1),(522,'female','Abigail','Jones','abigail.jones@example.com','Taharoto Road Tauranga','(483)-609-2573','https://randomuser.me/api/portraits/med/women/91.jpg',1),(523,'female','Lucinara','da Cruz','lucinara.dacruz@example.com','Rua Quatro Bragança','(59) 0613-9086','https://randomuser.me/api/portraits/med/women/13.jpg',1),(524,'male','شایان','موسوی','shyn.mwswy@example.com','میدان صادقیه شیراز','065-07538694','https://randomuser.me/api/portraits/med/men/88.jpg',1),(525,'male','Arthur','Dixon','arthur.dixon@example.com','E Pecan St Bathurst','03-6649-0749','https://randomuser.me/api/portraits/med/men/66.jpg',1),(526,'male','Gabriel','Anderson','gabriel.anderson@example.com','Grand Marais Ave Cadillac','O74 X34-9581','https://randomuser.me/api/portraits/med/men/28.jpg',1),(527,'male','Oscar','Pierce','oscar.pierce@example.com','Oaks Cross Chichester','023 9378 0487','https://randomuser.me/api/portraits/med/men/85.jpg',1),(528,'male','Oscar','Méndez','oscar.mendez@example.com','Calle de Segovia Burgos','977-092-790','https://randomuser.me/api/portraits/med/men/92.jpg',1),(529,'female','Anabel','Riojas','anabel.riojas@example.com','Callejón Sur Rivero Santa Catarina','(673) 544 8285','https://randomuser.me/api/portraits/med/women/67.jpg',1),(530,'male','Aldo','Maiwald','aldo.maiwald@example.com','Blumenstraße Singen (Hohentwiel)','0965-3671952','https://randomuser.me/api/portraits/med/men/59.jpg',1),(531,'male','Emre','Koçyiğit','emre.kocyigit@example.com','Filistin Cd Çanakkale','(479)-353-3764','https://randomuser.me/api/portraits/med/men/58.jpg',1),(532,'female','Leonie','Fontai','leonie.fontai@example.com','Place du 22 Novembre 1943 Untervaz','077 319 61 80','https://randomuser.me/api/portraits/med/women/74.jpg',1),(533,'male','John','Ramos','john.ramos@example.com','Avenida de Andalucía Barcelona','956-072-776','https://randomuser.me/api/portraits/med/men/61.jpg',1),(534,'male','Ed','Stoppels','ed.stoppels@example.com','Heerenisstraat Dedgum','(0389) 268077','https://randomuser.me/api/portraits/med/men/51.jpg',1),(535,'female','Andressa','Silva','andressa.silva@example.com','Rua Três Colombo','(83) 8376-2908','https://randomuser.me/api/portraits/med/women/22.jpg',1),(536,'female','Nerea','Castro','nerea.castro@example.com','Calle de Tetuán Orense','960-546-034','https://randomuser.me/api/portraits/med/women/80.jpg',1),(537,'female','Chloe','Cooper','chloe.cooper@example.com','Taupo Quay Hamilton','(414)-706-6903','https://randomuser.me/api/portraits/med/women/24.jpg',1),(538,'female','Ine','Haugnes','ine.haugnes@example.com','Keysers gate Lyefjell','54039580','https://randomuser.me/api/portraits/med/women/87.jpg',1),(539,'female','Arkadiya','Komorovskiy','arkadiya.komorovskiy@example.com','Zemskogo likarya Lukashevicha Korostishiv','(096) C12-7215','https://randomuser.me/api/portraits/med/women/24.jpg',1),(540,'female','Rosel','Dannenberg','rosel.dannenberg@example.com','Mühlenstraße Fürstenberg/Havel','0159-6693392','https://randomuser.me/api/portraits/med/women/78.jpg',1),(541,'female','Mia','Dupont','mia.dupont@example.com','Cours Charlemagne Pau','05-02-89-06-98','https://randomuser.me/api/portraits/med/women/69.jpg',0),(542,'male','Aurélien','Francois','aurelien.francois@example.com','Rue Victor-Hugo Angers','03-49-15-54-27','https://randomuser.me/api/portraits/med/men/59.jpg',0),(543,'female','Sandra','Duval','sandra.duval@example.com','Rue Laure-Diebold Montpellier','04-02-91-06-32','https://randomuser.me/api/portraits/med/women/70.jpg',0),(544,'female','Hildegard','Lochner','hildegard.lochner@example.com','Meisenweg Landau in der Pfalz','0451-8187122','https://randomuser.me/api/portraits/med/women/70.jpg',0),(545,'female','Avery','Thomas','avery.thomas@example.com','Blossom Hill Rd Hervey Bay','07-1951-1335','https://randomuser.me/api/portraits/med/women/80.jpg',1),(546,'female','Eline','Giraud','eline.giraud@example.com','Rue Cyrus-Hugues Champigny-sur-Marne','04-03-60-50-22','https://randomuser.me/api/portraits/med/women/77.jpg',0),(547,'male','Rasmus','Jørgensen','rasmus.jorgensen@example.com','Odinsvej Sørvad','92500034','https://randomuser.me/api/portraits/med/men/76.jpg',0),(548,'female','Marie-Thérèse','Barbier','marie-therese.barbier@example.com','Rue Principale Bauen','077 968 82 53','https://randomuser.me/api/portraits/med/women/30.jpg',1),(549,'female','Alta Gracia','Orta','altagracia.orta@example.com','Prolongación Norte Arce Cadereyta','(687) 785 0624','https://randomuser.me/api/portraits/med/women/21.jpg',1),(550,'male','Yunnuel','Henríquez','yunnuel.henriquez@example.com','Andador Jamaica El Descanso','(687) 758 8790','https://randomuser.me/api/portraits/med/men/9.jpg',1),(551,'female','Hilla','Polon','hilla.polon@example.com','Hermiankatu Lestijärvi','04-636-350','https://randomuser.me/api/portraits/med/women/6.jpg',1),(552,'female','Juultje','Van den Braak','juultje.vandenbraak@example.com','Aanslagdwarsstraat Mariahoop','(0942) 946388','https://randomuser.me/api/portraits/med/women/89.jpg',1),(553,'female','Mila','Todorović','mila.todorovic@example.com','Vere Veljkov Žitorađa','015-9928-312','https://randomuser.me/api/portraits/med/women/25.jpg',1),(554,'male','Gregorio','Robledo','gregorio.robledo@example.com','Ampliación Guatemala Tlaxiaco','(698) 090 0686','https://randomuser.me/api/portraits/med/men/12.jpg',1),(555,'female','Wanda','Peterson','wanda.peterson@example.com','W Belt Line Rd Fort Lauderdale','(807) 728-6906','https://randomuser.me/api/portraits/med/women/95.jpg',1),(556,'male','Justin','Simmmons','justin.simmmons@example.com','Manor Road Ardee','051-997-1542','https://randomuser.me/api/portraits/med/men/59.jpg',1),(557,'female','Jackie','Reynolds','jackie.reynolds@example.com','Bruce St Pembroke Pines','(781) 417-2001','https://randomuser.me/api/portraits/med/women/20.jpg',1),(558,'male','Jimi','Ahola','jimi.ahola@example.com','Tehtaankatu Pori','07-381-451','https://randomuser.me/api/portraits/med/men/89.jpg',1),(559,'female','Madison','Ouellet','madison.ouellet@example.com','36th Ave Inverness','W55 K21-5832','https://randomuser.me/api/portraits/med/women/17.jpg',1),(560,'female','Malou','Christensen','malou.christensen@example.com','Rødkælkevej Hornbæk','12053275','https://randomuser.me/api/portraits/med/women/38.jpg',1),(561,'female','Camilla','Kolsrud','camilla.kolsrud@example.com','Voksenliveien Våre','66372107','https://randomuser.me/api/portraits/med/women/53.jpg',1),(562,'female','Kamilla','Fimreite','kamilla.fimreite@example.com','Jacob Fayes vei Skånevik','50531499','https://randomuser.me/api/portraits/med/women/30.jpg',1),(563,'male','Andre','Cole','andre.cole@example.com','Grafton Street Newcastle West','061-857-1694','https://randomuser.me/api/portraits/med/men/79.jpg',1),(564,'female','پریا','قاسمی','pry.qsmy@example.com','فلاحی خمینی‌شهر','024-02172026','https://randomuser.me/api/portraits/med/women/4.jpg',1),(565,'male','Ronnie','Holland','ronnie.holland@example.com','Plum St Gladstone','04-4741-5018','https://randomuser.me/api/portraits/med/men/37.jpg',0),(566,'female','Kira','Zaharenko','kira.zaharenko@example.com','Strilecka Baturin','(068) A48-1421','https://randomuser.me/api/portraits/med/women/52.jpg',1),(567,'male','Ege','Sarıoğlu','ege.sarioglu@example.com','Tunalı Hilmi Cd Giresun','(932)-301-4385','https://randomuser.me/api/portraits/med/men/58.jpg',1),(568,'male','Vasco','Barros','vasco.barros@example.com','Rua Maranhão  Criciúma','(71) 9557-2288','https://randomuser.me/api/portraits/med/men/46.jpg',1),(569,'female','Miranda','Oliveira','miranda.oliveira@example.com','Rua da Paz  Colatina','(36) 6678-9775','https://randomuser.me/api/portraits/med/women/38.jpg',0),(570,'female','Hannah','Grewal','hannah.grewal@example.com','9th St Shelbourne','U41 G56-0343','https://randomuser.me/api/portraits/med/women/39.jpg',1),(571,'female','Rachel','Mcdonalid','rachel.mcdonalid@example.com','Avondale Ave Greeley','(463) 304-0910','https://randomuser.me/api/portraits/med/women/78.jpg',1),(572,'female','Meenakshi','Bharanya','meenakshi.bharanya@example.com','Chimanlal Girdharlal Rd Naihati','9965286736','https://randomuser.me/api/portraits/med/women/93.jpg',1),(573,'male','Hugh','Day','hugh.day@example.com','W 6th St Albuquerque','(430) 705-9690','https://randomuser.me/api/portraits/med/men/91.jpg',1),(574,'male','Lenni','Sakala','lenni.sakala@example.com','Fredrikinkatu Vörå','07-433-599','https://randomuser.me/api/portraits/med/men/31.jpg',1),(575,'male','Jeppe','Poulsen','jeppe.poulsen@example.com','Rugvænget Jerslev Sj','68299947','https://randomuser.me/api/portraits/med/men/30.jpg',1),(576,'female','Daniela','Tejada','daniela.tejada@example.com','Eje vial Sur Miramontes San Martín Peras','(612) 366 6274','https://randomuser.me/api/portraits/med/women/0.jpg',1),(577,'male','Harley','Wood','harley.wood@example.com','Bairds Road Whangarei','(354)-418-6631','https://randomuser.me/api/portraits/med/men/89.jpg',1),(578,'male','Wesley','Fitzgerald','wesley.fitzgerald@example.com','Denny Street Kells','041-574-2600','https://randomuser.me/api/portraits/med/men/59.jpg',1),(579,'female','Freya','Hågensen','freya.hagensen@example.com','Pilestredet Park Sauda','39252174','https://randomuser.me/api/portraits/med/women/69.jpg',1),(580,'female','Jadranka','Hadžić','jadranka.hadzic@example.com','Miće Radosavljevića Ivanjica','011-3413-620','https://randomuser.me/api/portraits/med/women/14.jpg',1),(581,'female','Larisa','Parfenyuk','larisa.parfenyuk@example.com','Sevastopolska Zhmerinka','(067) Q73-7866','https://randomuser.me/api/portraits/med/women/82.jpg',1),(582,'female','Gerlind','Petermann','gerlind.petermann@example.com','Kapellenweg Johanngeorgenstadt','0169-5775478','https://randomuser.me/api/portraits/med/women/43.jpg',1),(583,'male','Johan','Nielsen','johan.nielsen@example.com','Skovkrogen Assens','64799041','https://randomuser.me/api/portraits/med/men/61.jpg',1),(584,'female','Concetta','Dufour','concetta.dufour@example.com','Rue Abel-Gance Curtilles','076 539 19 16','https://randomuser.me/api/portraits/med/women/14.jpg',1),(585,'male','Apolinário','da Cunha','apolinario.dacunha@example.com','Rua Rio de Janeiro  Santa Rita','(86) 4051-9293','https://randomuser.me/api/portraits/med/men/24.jpg',1),(586,'female','Milica','Jovanović','milica.jovanovic@example.com','Evgenija Dumče  Vlasotince','019-8848-042','https://randomuser.me/api/portraits/med/women/90.jpg',1),(587,'male','Udarsh','Hiremath','udarsh.hiremath@example.com','Carter Rd Promenade Ulhasnagar','7083243362','https://randomuser.me/api/portraits/med/men/38.jpg',1),(588,'male','Prvoslav','Stojaković','prvoslav.stojakovic@example.com','Rusalkina Negotin','018-5048-582','https://randomuser.me/api/portraits/med/men/16.jpg',1),(589,'male','ماهان','سهيلي راد','mhn.shylyrd@example.com','کارگر قم','007-83349404','https://randomuser.me/api/portraits/med/men/60.jpg',1),(590,'male','Franklino','Lopes','franklino.lopes@example.com','Rua Santa Luzia  Valparaíso de Goiás','(81) 0693-0168','https://randomuser.me/api/portraits/med/men/5.jpg',1),(591,'male','Eeli','Niska','eeli.niska@example.com','Reijolankatu Vaala','09-682-293','https://randomuser.me/api/portraits/med/men/24.jpg',0),(592,'female','Mae','Walker','mae.walker@example.com','Plum St Mackay','05-5524-6169','https://randomuser.me/api/portraits/med/women/85.jpg',1),(593,'male','Ümit','Özkara','umit.ozkara@example.com','Talak Göktepe Cd Malatya','(171)-040-7545','https://randomuser.me/api/portraits/med/men/27.jpg',1),(594,'female','Eva','Bryant','eva.bryant@example.com','Broadway Wells','0111 443 8017','https://randomuser.me/api/portraits/med/women/49.jpg',1),(595,'female','Irene','Rau','irene.rau@example.com','Raiffeisenstraße Falkensee','0699-6109221','https://randomuser.me/api/portraits/med/women/36.jpg',0),(596,'male','Niklas','Lepisto','niklas.lepisto@example.com','Fredrikinkatu Kittilä','07-430-556','https://randomuser.me/api/portraits/med/men/19.jpg',1),(597,'male','Ismael','Diez','ismael.diez@example.com','Avenida de Castilla Torrejón de Ardoz','959-951-672','https://randomuser.me/api/portraits/med/men/12.jpg',1),(598,'female','Zinayida','Masik','zinayida.masik@example.com','Pacaieva Sambir','(067) Y45-3766','https://randomuser.me/api/portraits/med/women/76.jpg',1),(599,'female','Latife','Erberk','latife.erberk@example.com','Necatibey Cd Erzincan','(501)-776-4292','https://randomuser.me/api/portraits/med/women/30.jpg',1),(600,'female','Sol','Irgens','sol.irgens@example.com','Erling Skjalgssons gate Nesbygda','75416216','https://randomuser.me/api/portraits/med/women/3.jpg',1),(601,'male','Daniele','Koppe','daniele.koppe@example.com','Fliederweg Memmingen','0491-5364692','https://randomuser.me/api/portraits/med/men/38.jpg',1),(602,'male','Stanoje','Stošić','stanoje.stosic@example.com','Đurakovačka Novi Kneževac','018-9332-622','https://randomuser.me/api/portraits/med/men/12.jpg',1),(603,'male','میلاد','سلطانی نژاد','myld.sltnynjd@example.com','میدان امام خمینی اراک','005-45656670','https://randomuser.me/api/portraits/med/men/10.jpg',1),(604,'male','Toivo','Kurtti','toivo.kurtti@example.com','Aleksanterinkatu Nummi','03-942-955','https://randomuser.me/api/portraits/med/men/14.jpg',1),(605,'female','Ömür','Alyanak','omur.alyanak@example.com','Maçka Cd Zonguldak','(474)-172-8814','https://randomuser.me/api/portraits/med/women/16.jpg',1),(606,'female','Léa','Boyer','lea.boyer@example.com','Rue Duquesne Rouen','03-93-72-65-24','https://randomuser.me/api/portraits/med/women/4.jpg',1),(607,'male','Blake','Scott','blake.scott@example.com','York Road Armagh','013873 78920','https://randomuser.me/api/portraits/med/men/28.jpg',1),(608,'male','Alex','Long','alex.long@example.com','Victoria Street Oxford','015396 30586','https://randomuser.me/api/portraits/med/men/26.jpg',1),(609,'female','Vaishnavi','Shukla','vaishnavi.shukla@example.com','Shanmugham Rd Aurangabad','7694359401','https://randomuser.me/api/portraits/med/women/13.jpg',1),(610,'male','Woldemar','Ohl','woldemar.ohl@example.com','Wiesenstraße Delitzsch','0791-1600724','https://randomuser.me/api/portraits/med/men/38.jpg',1),(611,'female','Samantha','King','samantha.king@example.com','Rolling Green Rd Traralgon','08-3720-3266','https://randomuser.me/api/portraits/med/women/62.jpg',1),(612,'female','Irânia','Gomes','irania.gomes@example.com','Rua Tiradentes  Manaus','(05) 2750-8833','https://randomuser.me/api/portraits/med/women/96.jpg',1),(613,'female','Roxane','Giraud','roxane.giraud@example.com','Rue de L\'Abbé-Carton Altbüron','075 300 95 38','https://randomuser.me/api/portraits/med/women/49.jpg',0),(614,'male','Adeodato','Jesus','adeodato.jesus@example.com','Avenida Brasil  Natal','(48) 9214-7300','https://randomuser.me/api/portraits/med/men/26.jpg',1),(615,'female','Mary','Stevens','mary.stevens@example.com','Albert Road Durham','015396 57310','https://randomuser.me/api/portraits/med/women/53.jpg',1),(616,'female','Thea','Refvik','thea.refvik@example.com','Ankerveien Kjosen','88674461','https://randomuser.me/api/portraits/med/women/94.jpg',1),(617,'male','Frederikke','Rasmussen','frederikke.rasmussen@example.com','Højbovej Amager','23166896','https://randomuser.me/api/portraits/med/men/29.jpg',1),(618,'male','Tanveer','Taj','tanveer.taj@example.com','Linking Rd Bareilly','7098174182','https://randomuser.me/api/portraits/med/men/97.jpg',1),(619,'female','Maria','Hansen','maria.hansen@example.com','School Lane Manchester','015394 90762','https://randomuser.me/api/portraits/med/women/86.jpg',1),(620,'male','Anthony','Legrand','anthony.legrand@example.com','Avenue Vauban Berikon','078 959 63 85','https://randomuser.me/api/portraits/med/men/85.jpg',1),(621,'male','Valdemar','Kristensen','valdemar.kristensen@example.com','Kastrupvej Nørrebro','42282119','https://randomuser.me/api/portraits/med/men/77.jpg',1),(622,'female','Rose','Harcourt','rose.harcourt@example.com','Wellington St Sandy Lake','F21 O59-6887','https://randomuser.me/api/portraits/med/women/85.jpg',1),(623,'male','Liam','Moore','liam.moore@example.com','Lunn Avenue Masterton','(398)-414-1409','https://randomuser.me/api/portraits/med/men/21.jpg',1),(624,'male','Arttu','Lahti','arttu.lahti@example.com','Rautatienkatu Enonkoski','08-337-906','https://randomuser.me/api/portraits/med/men/68.jpg',0),(625,'female','Stefana','Tomašević','stefana.tomasevic@example.com','Branka Radičevića Opovo','023-7874-843','https://randomuser.me/api/portraits/med/women/46.jpg',1),(626,'female','Caitlin','Morris','caitlin.morris@example.com','The Avenue Cork','031-945-2163','https://randomuser.me/api/portraits/med/women/9.jpg',1),(627,'male','Edgar','Mathieu','edgar.mathieu@example.com','Avenue Joliot Curie Giornico','078 715 62 68','https://randomuser.me/api/portraits/med/men/54.jpg',1),(628,'male','Philip','Jensen','philip.jensen@example.com','Orevej Stoevring','94828488','https://randomuser.me/api/portraits/med/men/33.jpg',0),(629,'male','Antonin','Thomas','antonin.thomas@example.com','Boulevard de Balmont Nancy','03-14-62-44-99','https://randomuser.me/api/portraits/med/men/37.jpg',1),(630,'male','Johan','Andersen','johan.andersen@example.com','Egevænget Esbjerg V','93359774','https://randomuser.me/api/portraits/med/men/16.jpg',1),(631,'male','Guillermo','Garrido','guillermo.garrido@example.com','Calle de Arturo Soria Pontevedra','911-688-360','https://randomuser.me/api/portraits/med/men/48.jpg',1),(632,'female','Charlotte','Roger','charlotte.roger@example.com','Rue des Jardins Paris','01-67-26-95-40','https://randomuser.me/api/portraits/med/women/67.jpg',1),(633,'female','Angie','Franklin','angie.franklin@example.com','Richmond Park Roscrea','051-525-2740','https://randomuser.me/api/portraits/med/women/13.jpg',1),(634,'male','Francis','Vargas','francis.vargas@example.com','N Stelling Rd Chattanooga','(630) 672-5860','https://randomuser.me/api/portraits/med/men/46.jpg',1),(635,'male','Barış','Akbulut','baris.akbulut@example.com','Kushimoto Sk Adıyaman','(600)-778-0877','https://randomuser.me/api/portraits/med/men/34.jpg',1),(636,'male','Jacinto','Pinto','jacinto.pinto@example.com','Travessa dos Açorianos São José de Ribamar','(33) 9774-3674','https://randomuser.me/api/portraits/med/men/87.jpg',1),(637,'female','Shrishti','Bharanya','shrishti.bharanya@example.com','Bhootnath Rd Anantapur','8308142399','https://randomuser.me/api/portraits/med/women/39.jpg',1),(638,'male','Volodar','Korbut','volodar.korbut@example.com','Provulok Pestelya Dzhankoy','(067) P61-7716','https://randomuser.me/api/portraits/med/men/73.jpg',1),(639,'female','Ella','Rasmussen','ella.rasmussen@example.com','Lucernevej Silkeboeg','94575568','https://randomuser.me/api/portraits/med/women/65.jpg',1),(640,'female','Kalina','Rindzak','kalina.rindzak@example.com','Generala Puhova Svalyava','(099) C82-2222','https://randomuser.me/api/portraits/med/women/58.jpg',1),(641,'female','Hilla','Heikkila','hilla.heikkila@example.com','Korkeavuorenkatu Tuusula','07-088-756','https://randomuser.me/api/portraits/med/women/2.jpg',1),(642,'male','Arnaud','Thompson','arnaud.thompson@example.com','Grand Marais Ave Brockton','E18 M87-9592','https://randomuser.me/api/portraits/med/men/4.jpg',1),(643,'male','Elias','Mortensen','elias.mortensen@example.com','Højgårdstoften Oure','99548515','https://randomuser.me/api/portraits/med/men/74.jpg',1),(644,'female','Cristal','Fernández','cristal.fernandez@example.com','Boulevard Ramírez Santa María del Valle','(687) 024 6811','https://randomuser.me/api/portraits/med/women/71.jpg',1),(645,'male','Chandran','Raval','chandran.raval@example.com','Gandhi Maidan Marg Bidar','8389971552','https://randomuser.me/api/portraits/med/men/31.jpg',1),(646,'male','Carmelo','Vidal','carmelo.vidal@example.com','Calle de Atocha Santander','947-919-275','https://randomuser.me/api/portraits/med/men/89.jpg',1),(647,'male','Aatu','Tanner','aatu.tanner@example.com','Pirkankatu Harjavalta','02-876-587','https://randomuser.me/api/portraits/med/men/90.jpg',1),(648,'female','Stella','Russell','stella.russell@example.com','Stevens Creek Blvd West Valley City','(644) 808-2526','https://randomuser.me/api/portraits/med/women/92.jpg',0),(649,'male','Ivano','Van der Perk','ivano.vanderperk@example.com','De Taanderij Noorddijk','(0863) 461302','https://randomuser.me/api/portraits/med/men/89.jpg',1),(650,'male','Ronith','Mardhekar','ronith.mardhekar@example.com','Rajaji Salai Bidhannagar','8044848897','https://randomuser.me/api/portraits/med/men/59.jpg',1),(651,'male','Richard','Caron','richard.caron@example.com','Rue Barrème Falera','076 731 26 84','https://randomuser.me/api/portraits/med/men/6.jpg',1),(652,'female','Inácia','Souza','inacia.souza@example.com','Rua Dezenove de Outubro Maringá','(10) 5229-5830','https://randomuser.me/api/portraits/med/women/89.jpg',1),(653,'male','Kenan','Vogt','kenan.vogt@example.com','Eterveien Tynset','25119690','https://randomuser.me/api/portraits/med/men/76.jpg',1),(654,'female','Katarzyna','Willms','katarzyna.willms@example.com','Eichenweg Schneeberg','0635-4204938','https://randomuser.me/api/portraits/med/women/61.jpg',1),(655,'male','Felix','Simmmons','felix.simmmons@example.com','First Street Melbourne','00-6344-1789','https://randomuser.me/api/portraits/med/men/25.jpg',1),(656,'male','Azar','Lavrisevich','azar.lavrisevich@example.com','Mikoli Raievskogo Baranivka','(068) M42-0160','https://randomuser.me/api/portraits/med/men/72.jpg',1),(657,'male','Julio','Patterson','julio.patterson@example.com','Victoria Road Laytown-Bettystown-Mornington','031-581-1978','https://randomuser.me/api/portraits/med/men/78.jpg',1),(658,'male','Ritthy','Coleman','ritthy.coleman@example.com','Washington Ave Lafayette','(635) 352-5862','https://randomuser.me/api/portraits/med/men/17.jpg',1),(659,'male','Johnny','Rose','johnny.rose@example.com','The Drive Chester','015396 83827','https://randomuser.me/api/portraits/med/men/21.jpg',1),(660,'female','سارا','قاسمی','sr.qsmy@example.com','آیت الله کاشانی گلستان','060-49949822','https://randomuser.me/api/portraits/med/women/26.jpg',1),(661,'male','Maxime','Kowalski','maxime.kowalski@example.com','Arctic Way Windsor','C17 P63-9373','https://randomuser.me/api/portraits/med/men/25.jpg',0),(662,'male','Lachlan','Anderson','lachlan.anderson@example.com','Old Taupo Road Hamilton','(863)-852-3836','https://randomuser.me/api/portraits/med/men/46.jpg',1),(663,'male','Adam','Smith','adam.smith@example.com','Springs Road Blenheim','(418)-301-5522','https://randomuser.me/api/portraits/med/men/18.jpg',1),(664,'female','Jasmine','Ginnish','jasmine.ginnish@example.com','Grand Marais Ave Killarney','W30 Q27-8575','https://randomuser.me/api/portraits/med/women/51.jpg',1),(665,'female','Elif','Kocabıyık','elif.kocabiyik@example.com','Filistin Cd Afyonkarahisar','(214)-340-6001','https://randomuser.me/api/portraits/med/women/85.jpg',1),(666,'male','Oliver','Johnson','oliver.johnson@example.com','Anglesea Street Lower Hutt','(307)-679-7375','https://randomuser.me/api/portraits/med/men/94.jpg',1),(667,'male','Axel','Giraud','axel.giraud@example.com','Rue D\'Abbeville Mulhouse','05-54-06-56-53','https://randomuser.me/api/portraits/med/men/88.jpg',1),(668,'male','Soeiro','Nogueira','soeiro.nogueira@example.com','Rua Onze  Montes Claros','(43) 6208-1021','https://randomuser.me/api/portraits/med/men/46.jpg',1),(669,'female','Ruža','Paunović','ruza.paunovic@example.com','Milana Mijalkovića Požarevac','013-9610-576','https://randomuser.me/api/portraits/med/women/54.jpg',1),(670,'female','Boguslava','Prishchepa','boguslava.prishchepa@example.com','2-y provulok Marshaka Burin','(098) Y88-8858','https://randomuser.me/api/portraits/med/women/69.jpg',1),(671,'female','Anupama','Shukla','anupama.shukla@example.com','Gali Paranthe Wali Surendranagar','7636160505','https://randomuser.me/api/portraits/med/women/33.jpg',1),(672,'male','Georgije','Obradović','georgije.obradovic@example.com','Vučka Milićevića Subotica','033-4591-087','https://randomuser.me/api/portraits/med/men/96.jpg',0),(673,'female','Christina','Simmmons','christina.simmmons@example.com','Smokey Ln Simi Valley','(875) 871-5550','https://randomuser.me/api/portraits/med/women/3.jpg',1),(674,'female','Sherry','Howard','sherry.howard@example.com','Preston Rd Queanbeyan','01-8238-6008','https://randomuser.me/api/portraits/med/women/87.jpg',1),(675,'male','Victor','Peters','victor.peters@example.com','W Dallas St St. Petersburg','(930) 448-8115','https://randomuser.me/api/portraits/med/men/86.jpg',1),(676,'male','Thibault','Nicolas','thibault.nicolas@example.com','Rue Jean-Baldassini Nice','03-74-51-35-64','https://randomuser.me/api/portraits/med/men/49.jpg',1),(677,'female','Luciane','Campos','luciane.campos@example.com','Rua Pernambuco  São Gonçalo','(06) 5943-3758','https://randomuser.me/api/portraits/med/women/49.jpg',1),(678,'male','Anton','Živadinović','anton.zivadinovic@example.com','Žarka Vasiljevića Ćićevac','035-2150-395','https://randomuser.me/api/portraits/med/men/89.jpg',1),(679,'male','Ali','Deschamps','ali.deschamps@example.com','Rue Paul-Duvivier Bätterkinden','077 739 37 12','https://randomuser.me/api/portraits/med/men/81.jpg',1),(680,'female','Túlia','Alves','tulia.alves@example.com','Rua Boa Vista  Maracanaú','(96) 5661-8565','https://randomuser.me/api/portraits/med/women/73.jpg',1),(681,'male','Mathieu','Vidal','mathieu.vidal@example.com','Grande Rue Pau','04-78-44-66-64','https://randomuser.me/api/portraits/med/men/58.jpg',1),(682,'female','Lyubomila','Yakobovskiy','lyubomila.yakobovskiy@example.com','Robitnichiy provulok Kam\'yanka','(096) M12-7409','https://randomuser.me/api/portraits/med/women/84.jpg',1),(683,'male','Daniel','Esteban','daniel.esteban@example.com','Calle de Alberto Aguilera Almería','920-988-288','https://randomuser.me/api/portraits/med/men/4.jpg',1),(684,'male','Elmer','Morgan','elmer.morgan@example.com','Church Street Clonmel','021-402-5203','https://randomuser.me/api/portraits/med/men/31.jpg',1),(685,'female','Jella','Karimi','jella.karimi@example.com','De Spil Giethoorn','(0320) 811203','https://randomuser.me/api/portraits/med/women/41.jpg',1),(686,'female','Zeynep','Olivier','zeynep.olivier@example.com','Rue de L\'Abbé-Soulange-Bodin Tenniken','079 040 85 40','https://randomuser.me/api/portraits/med/women/45.jpg',1),(687,'male','Alberto','Álvarez','alberto.alvarez@example.com','Calle de Arturo Soria Valladolid','911-788-320','https://randomuser.me/api/portraits/med/men/46.jpg',1),(688,'male','Xander','Stone','xander.stone@example.com','The Avenue Truro','01157 18417','https://randomuser.me/api/portraits/med/men/42.jpg',1),(689,'female','Sara','Kujala','sara.kujala@example.com','Visiokatu Hamina','05-164-706','https://randomuser.me/api/portraits/med/women/65.jpg',0),(690,'male','میلاد','رضایی','myld.rdyy@example.com','نبرد ورامین','085-35804686','https://randomuser.me/api/portraits/med/men/14.jpg',1),(691,'male','Oliver','Vujičić','oliver.vujicic@example.com','Velikohočka Loznica','025-3227-592','https://randomuser.me/api/portraits/med/men/40.jpg',0),(692,'female','Viviënne','Van Weeghel','vivienne.vanweeghel@example.com','Benjamin Merkelbachstraat Dantumadiel','(0327) 641699','https://randomuser.me/api/portraits/med/women/53.jpg',1),(693,'female','Buse','Numanoğlu','buse.numanoglu@example.com','Istiklal Cd Kocaeli','(618)-449-9786','https://randomuser.me/api/portraits/med/women/78.jpg',1),(694,'female','Yasemin','Elçiboğa','yasemin.elciboga@example.com','Kushimoto Sk Kütahya','(255)-646-1642','https://randomuser.me/api/portraits/med/women/45.jpg',1),(695,'female','Jennifer','Boyd','jennifer.boyd@example.com','Bridge Road Oxford','016977 3611','https://randomuser.me/api/portraits/med/women/12.jpg',1),(696,'female','Felicitas','Schöning','felicitas.schoning@example.com','Dorfstraße Obernkirchen','0128-5160048','https://randomuser.me/api/portraits/med/women/46.jpg',1),(697,'male','Eelis','Karvonen','eelis.karvonen@example.com','Bulevardi Jämijärvi','06-751-780','https://randomuser.me/api/portraits/med/men/1.jpg',1),(698,'female','Barb','Green','barb.green@example.com','Mill Lane Stoke-on-Trent','016974 93607','https://randomuser.me/api/portraits/med/women/12.jpg',1),(699,'male','Gostrozir','Prokopiv','gostrozir.prokopiv@example.com','Gruzinskiy provulok Bobrovicya','(097) G96-5503','https://randomuser.me/api/portraits/med/men/61.jpg',1),(700,'male','Virgil','Wade','virgil.wade@example.com','Boghall Road Clonmel','061-136-9375','https://randomuser.me/api/portraits/med/men/27.jpg',1),(701,'male','Grigoriy','Zhalilo','grigoriy.zhalilo@example.com','Lidavska Gorlivka','(066) J99-3948','https://randomuser.me/api/portraits/med/men/7.jpg',1),(702,'female','Rahel','Fontai','rahel.fontai@example.com','Rue du Château Nunningen','076 927 78 45','https://randomuser.me/api/portraits/med/women/91.jpg',1),(703,'male','Mattis','Rekdal','mattis.rekdal@example.com','Måltrostveien Seim','63348541','https://randomuser.me/api/portraits/med/men/64.jpg',1),(704,'female','Naja','Jensen','naja.jensen@example.com','Østerbyvej Stokkemarke','01825159','https://randomuser.me/api/portraits/med/women/1.jpg',1),(705,'male','Ege','Solmaz','ege.solmaz@example.com','Bağdat Cd Şanlıurfa','(756)-866-1237','https://randomuser.me/api/portraits/med/men/56.jpg',1),(706,'female','Linde','Lunder','linde.lunder@example.com','Høgåsveien Flekkefjord','68141040','https://randomuser.me/api/portraits/med/women/76.jpg',1),(707,'male','پارسا','كامياران','prs.kmyrn@example.com','مجاهدین اسلام بندرعباس','054-06357467','https://randomuser.me/api/portraits/med/men/78.jpg',1),(708,'male','Tomothy','Wilson','tomothy.wilson@example.com','The Grove Durham','013873 82538','https://randomuser.me/api/portraits/med/men/0.jpg',1),(709,'male','Sagar','Moolya','sagar.moolya@example.com','Gandhi Maidan Marg Khora','9218990658','https://randomuser.me/api/portraits/med/men/99.jpg',1),(710,'female','Peggy','Jimenez','peggy.jimenez@example.com','Dogwood Ave Joliet','(795) 670-4619','https://randomuser.me/api/portraits/med/women/30.jpg',1),(711,'female','Dorina','Seibt','dorina.seibt@example.com','Poststraße Dreieich','0014-0366808','https://randomuser.me/api/portraits/med/women/53.jpg',1),(712,'female','Bella','Gilbert','bella.gilbert@example.com','Lakeview St Melbourne','02-7541-1254','https://randomuser.me/api/portraits/med/women/3.jpg',1),(713,'male','Michael','Wright','michael.wright@example.com','Hanover Street Invercargill','(112)-279-5286','https://randomuser.me/api/portraits/med/men/51.jpg',1),(714,'male','آدرین','کوتی','adryn.khwty@example.com','شهید محمد منتظری رشت','040-30691710','https://randomuser.me/api/portraits/med/men/68.jpg',1),(715,'male','مهراد','مرادی','mhrd.mrdy@example.com','هلال احمر پاکدشت','067-49564528','https://randomuser.me/api/portraits/med/men/76.jpg',1),(716,'male','Lucas','Madsen','lucas.madsen@example.com','Gammel Landevej Roedovre','44108939','https://randomuser.me/api/portraits/med/men/2.jpg',1),(717,'male','Kevin','Rivera','kevin.rivera@example.com','White Oak Dr Albury','00-1913-8029','https://randomuser.me/api/portraits/med/men/20.jpg',1),(718,'male','Luca','Kumar','luca.kumar@example.com','Opoho Road Hastings','(357)-993-0048','https://randomuser.me/api/portraits/med/men/60.jpg',1),(719,'male','Gorun','Avduievskiy','gorun.avduievskiy@example.com','Provulok Starickogo Pervomayskiy','(096) V73-1271','https://randomuser.me/api/portraits/med/men/19.jpg',1),(720,'male','Joel','Sullivan','joel.sullivan@example.com','O\'Connell Avenue Waterford','051-166-8100','https://randomuser.me/api/portraits/med/men/18.jpg',1),(721,'male','Efe','Kaya','efe.kaya@example.com','Necatibey Cd Sinop','(991)-199-7187','https://randomuser.me/api/portraits/med/men/75.jpg',1),(722,'male','Ceyhun','Akar','ceyhun.akar@example.com','Kushimoto Sk Ardahan','(936)-049-0246','https://randomuser.me/api/portraits/med/men/49.jpg',1),(723,'female','پریا','پارسا','pry.prs@example.com','پارک طالقانی ورامین','098-74777260','https://randomuser.me/api/portraits/med/women/52.jpg',1),(724,'male','Morris','Garcia','morris.garcia@example.com','White Oak Dr Wollongong','08-9170-7427','https://randomuser.me/api/portraits/med/men/48.jpg',0),(725,'female','Olaídes','Sales','olaides.sales@example.com','Rua Paraíba  Jacareí','(35) 6689-5648','https://randomuser.me/api/portraits/med/women/84.jpg',1),(726,'male','Jildert','Ooms','jildert.ooms@example.com','Ir G Tjalmaweg Exloo','(093) 0496953','https://randomuser.me/api/portraits/med/men/25.jpg',1),(727,'male','Hazael','Rodrigues','hazael.rodrigues@example.com','Avenida da Democracia Franca','(71) 6653-6721','https://randomuser.me/api/portraits/med/men/59.jpg',1),(728,'female','Emma','Sullivan','emma.sullivan@example.com','Denny Street Ballinasloe','061-919-2044','https://randomuser.me/api/portraits/med/women/77.jpg',1),(729,'male','Bobby','Mckinney','bobby.mckinney@example.com','Thornridge Cir Melbourne','05-2434-6665','https://randomuser.me/api/portraits/med/men/88.jpg',1),(730,'male','Stefano','Da Silva','stefano.dasilva@example.com','Place Paul-Duquaire Othmarsingen','079 710 19 22','https://randomuser.me/api/portraits/med/men/98.jpg',1),(731,'female','Thea','Hall','thea.hall@example.com','Seymour Street Nelson','(136)-917-8319','https://randomuser.me/api/portraits/med/women/86.jpg',1),(732,'male','Stanley','Holland','stanley.holland@example.com','Thornridge Cir Tamworth','07-0000-0612','https://randomuser.me/api/portraits/med/men/24.jpg',1),(733,'female','Natividad','Alvarez','natividad.alvarez@example.com','Continuación Norte Raya Guascuaro de Mugica','(656) 997 0672','https://randomuser.me/api/portraits/med/women/90.jpg',1),(734,'female','Naime','Slaman','naime.slaman@example.com','Korvezeestraat Rumpen','(0161) 584637','https://randomuser.me/api/portraits/med/women/92.jpg',1),(735,'female','Sofia','Takala','sofia.takala@example.com','Reijolankatu Utajärvi','09-320-767','https://randomuser.me/api/portraits/med/women/23.jpg',1),(736,'female','Ava','Jean-Baptiste','ava.jean-baptiste@example.com','36th Ave Odessa','Q28 S54-5749','https://randomuser.me/api/portraits/med/women/43.jpg',1),(737,'female','Marlene','Moreno','marlene.moreno@example.com','Rolling Green Rd Traralgon','00-4760-2732','https://randomuser.me/api/portraits/med/women/9.jpg',1),(738,'female','Bernadette','Verwoert','bernadette.verwoert@example.com','Frank van Borsselenstraat Steenderen','(0319) 483580','https://randomuser.me/api/portraits/med/women/78.jpg',1),(739,'male','Erik','Byrd','erik.byrd@example.com','Park Lane Newport','017683 37584','https://randomuser.me/api/portraits/med/men/66.jpg',1),(740,'female','Frida','Ureña','frida.urena@example.com','Viaducto Hidalgo Acacoyagua','(680) 864 3393','https://randomuser.me/api/portraits/med/women/81.jpg',1),(741,'female','Irma','Jordan','irma.jordan@example.com','Parker Rd Chesapeake','(317) 952-8358','https://randomuser.me/api/portraits/med/women/3.jpg',1),(742,'male','Hredhaan','Bhat','hredhaan.bhat@example.com','Bandstand Promenade Malda','7703151065','https://randomuser.me/api/portraits/med/men/51.jpg',1),(743,'male','Tanveer','Pai','tanveer.pai@example.com','Camac St Thoothukudi','7564843170','https://randomuser.me/api/portraits/med/men/58.jpg',1),(744,'male','Obrad','Kovač','obrad.kovac@example.com','Doktora Branka I Jelene Mitrovica','031-1097-624','https://randomuser.me/api/portraits/med/men/42.jpg',1),(745,'male','Champak','Prabhu','champak.prabhu@example.com','Altamount Rd Nashik','9242951506','https://randomuser.me/api/portraits/med/men/6.jpg',0),(746,'female','Pippa','Jones','pippa.jones@example.com','Puhinui Road Nelson','(099)-449-9672','https://randomuser.me/api/portraits/med/women/12.jpg',0),(747,'male','Miguel','Tucker','miguel.tucker@example.com','Station Road Canterbury','017687 32206','https://randomuser.me/api/portraits/med/men/24.jpg',1),(748,'male','Téo','Bonnet','teo.bonnet@example.com','Rue de L\'Abbé-Groult Fort-de-France','01-70-57-69-80','https://randomuser.me/api/portraits/med/men/86.jpg',1),(749,'male','Auguste','Deschamps','auguste.deschamps@example.com','Rue du Stade Grenoble','01-28-80-83-81','https://randomuser.me/api/portraits/med/men/2.jpg',1),(750,'male','Curtis','Bryant','curtis.bryant@example.com','The Crescent Derby','01767 62353','https://randomuser.me/api/portraits/med/men/95.jpg',1),(751,'male','Mads','Hansen','mads.hansen@example.com','Granparken Nimtofte','22617660','https://randomuser.me/api/portraits/med/men/8.jpg',1),(752,'male','Elias','da Cunha','elias.dacunha@example.com','Rua Santa Maria  Passo Fundo','(16) 3348-0978','https://randomuser.me/api/portraits/med/men/19.jpg',1),(753,'female','Willow','Chen','willow.chen@example.com','Bay View Road Gisborne','(452)-655-2419','https://randomuser.me/api/portraits/med/women/23.jpg',1),(754,'male','Jacinto','Acosta','jacinto.acosta@example.com','Diagonal Sur Barrientos El Cazadero','(657) 475 0670','https://randomuser.me/api/portraits/med/men/96.jpg',1),(755,'male','Alexander','Jørgensen','alexander.jorgensen@example.com','Kvædevej København S','76301457','https://randomuser.me/api/portraits/med/men/80.jpg',0),(756,'female','Asta','Christensen','asta.christensen@example.com','Skibhusvej Ishoej','13820174','https://randomuser.me/api/portraits/med/women/66.jpg',1),(757,'female','Margarita','Simon','margarita.simon@example.com','Rue Abel-Hovelacque Hérémence','075 730 63 77','https://randomuser.me/api/portraits/med/women/21.jpg',1),(758,'male','Anton','Sekulić','anton.sekulic@example.com','Porodice Vasić Ivanjica','026-4737-992','https://randomuser.me/api/portraits/med/men/41.jpg',1),(759,'female','Rosa','Esteban','rosa.esteban@example.com','Calle Mota Barcelona','933-957-694','https://randomuser.me/api/portraits/med/women/62.jpg',1),(760,'female','Pauline','Matthews','pauline.matthews@example.com','Paddock Way Devonport','02-5388-0649','https://randomuser.me/api/portraits/med/women/65.jpg',1),(761,'male','Luciano','Joly','luciano.joly@example.com','Place du 8 Février 1962 Mergoscia','076 658 32 21','https://randomuser.me/api/portraits/med/men/88.jpg',1),(762,'male','Jessie','Miles','jessie.miles@example.com','Church Lane Newport','013873 86141','https://randomuser.me/api/portraits/med/men/82.jpg',1),(763,'female','Zorica','Stojaković','zorica.stojakovic@example.com','Radoja Markovića Kovin','033-4661-912','https://randomuser.me/api/portraits/med/women/91.jpg',1),(764,'female','Chiara','Joly','chiara.joly@example.com','Place du 8 Février 1962 Nice','01-07-15-78-92','https://randomuser.me/api/portraits/med/women/54.jpg',1),(765,'female','مهرسا','كامياران','mhrs.kmyrn@example.com','حجاب قائم‌شهر','010-30197147','https://randomuser.me/api/portraits/med/women/52.jpg',1),(766,'male','Pascual','Lucero','pascual.lucero@example.com','Corredor Barrios Los Altos','(625) 560 8470','https://randomuser.me/api/portraits/med/men/53.jpg',0),(767,'male','Kalpit','Dsouza','kalpit.dsouza@example.com','Dadabhai Naoroji Rd Tirupati','8182858203','https://randomuser.me/api/portraits/med/men/76.jpg',1),(768,'male','پرهام','قاسمی','prhm.qsmy@example.com','مصطفی خمینی کرمان','024-67266864','https://randomuser.me/api/portraits/med/men/11.jpg',1),(769,'male','Tarjei','Frøshaug','tarjei.froshaug@example.com','Alundamveien Etne','67638170','https://randomuser.me/api/portraits/med/men/23.jpg',1),(770,'male','Elliot','Mackay','elliot.mackay@example.com','Stanley Way Selkirk','O90 A66-2287','https://randomuser.me/api/portraits/med/men/51.jpg',1),(771,'male','Tyler','Little','tyler.little@example.com','Washington Ave Austin','(254) 219-4009','https://randomuser.me/api/portraits/med/men/49.jpg',1),(772,'male','محمدعلی','سلطانی نژاد','mhmdaaly.sltnynjd@example.com','میدان شهید نامجو قزوین','044-40406170','https://randomuser.me/api/portraits/med/men/68.jpg',1),(773,'female','Karen','Hall','karen.hall@example.com','The Grove Gloucester','016973 21511','https://randomuser.me/api/portraits/med/women/16.jpg',0),(774,'female','Carolyn','Fox','carolyn.fox@example.com','South Street Lusk','041-851-5426','https://randomuser.me/api/portraits/med/women/13.jpg',1),(775,'female','Scarlett','Patel','scarlett.patel@example.com','Halifax Street Hamilton','(727)-718-0892','https://randomuser.me/api/portraits/med/women/62.jpg',1),(776,'female','Ulrike','Nicolas','ulrike.nicolas@example.com','Place du 8 Novembre 1942 Laufen-Uhwiesen','079 237 48 74','https://randomuser.me/api/portraits/med/women/42.jpg',1),(777,'male','Roland','Simmmons','roland.simmmons@example.com','Park Avenue Ashbourne','051-551-2614','https://randomuser.me/api/portraits/med/men/29.jpg',1),(778,'female','Rosalia','Simon','rosalia.simon@example.com','Place du 22 Novembre 1943 Kaufdorf','078 762 87 32','https://randomuser.me/api/portraits/med/women/15.jpg',1),(779,'female','Ella','Poulsen','ella.poulsen@example.com','Hyldevej Ryslinge','85144010','https://randomuser.me/api/portraits/med/women/27.jpg',0),(780,'male','Louis','Barnaby','louis.barnaby@example.com','St. Lawrence Ave Sidney','O11 S44-7724','https://randomuser.me/api/portraits/med/men/83.jpg',1),(781,'female','بهار','كامياران','bhr.kmyrn@example.com','شهید بهشتی شهریار','043-92844752','https://randomuser.me/api/portraits/med/women/37.jpg',1),(782,'male','Frederick','Ward','frederick.ward@example.com','The Avenue Chester','016973 91383','https://randomuser.me/api/portraits/med/men/71.jpg',1),(783,'male','Oscar','Thomsen','oscar.thomsen@example.com','Søparken Lundby','32516470','https://randomuser.me/api/portraits/med/men/69.jpg',1),(784,'male','Jeremy','Smith','jeremy.smith@example.com','Cedar St Hampton','J91 T42-5082','https://randomuser.me/api/portraits/med/men/28.jpg',1),(785,'male','Ignjatije','Tešić','ignjatije.tesic@example.com','Brainska Kuršumlija','018-1629-527','https://randomuser.me/api/portraits/med/men/65.jpg',1),(786,'male','Rubén','Sanz','ruben.sanz@example.com','Avenida de La Albufera Alcalá de Henares','998-415-207','https://randomuser.me/api/portraits/med/men/36.jpg',1),(787,'male','Barış','Avan','baris.avan@example.com','Doktorlar Cd Rize','(797)-985-9154','https://randomuser.me/api/portraits/med/men/99.jpg',1),(788,'male','Luis Miguel','Prieto','luismiguel.prieto@example.com','Periférico Sur Anguiano Almagres','(690) 753 9068','https://randomuser.me/api/portraits/med/men/68.jpg',1),(789,'male','Zander','Howard','zander.howard@example.com','High Street St Albans','021 3422 7252','https://randomuser.me/api/portraits/med/men/12.jpg',0),(790,'female','Darlene','Chavez','darlene.chavez@example.com','Lovers Ln Vallejo','(994) 465-2378','https://randomuser.me/api/portraits/med/women/39.jpg',1),(791,'female','Olivia','Rasmussen','olivia.rasmussen@example.com','Egevænget Kongens  Lyngby','06511381','https://randomuser.me/api/portraits/med/women/24.jpg',1),(792,'female','Danya','Westhuis','danya.westhuis@example.com','Denebstraat Goengahuizen','(024) 7441285','https://randomuser.me/api/portraits/med/women/41.jpg',1),(793,'female','Alicia','Phillips','alicia.phillips@example.com','Photinia Ave Frederick','(794) 768-6251','https://randomuser.me/api/portraits/med/women/82.jpg',1),(794,'male','طاها','نكو نظر','th.nkwnzr@example.com','دکتر فاطمی بابل','070-34533150','https://randomuser.me/api/portraits/med/men/60.jpg',1),(795,'female','Catherine','Curtis','catherine.curtis@example.com','Parker Rd Tampa','(251) 327-5311','https://randomuser.me/api/portraits/med/women/55.jpg',1),(796,'male','Adrian','Palmer','adrian.palmer@example.com','South Street Chichester','0110647 036 8797','https://randomuser.me/api/portraits/med/men/64.jpg',1),(797,'female','Elif','Çankaya','elif.cankaya@example.com','Vatan Cd Edirne','(628)-725-2242','https://randomuser.me/api/portraits/med/women/19.jpg',0),(798,'female','Jolijn','Zondag','jolijn.zondag@example.com','Hoge der A It Heidenskip','(093) 3650870','https://randomuser.me/api/portraits/med/women/52.jpg',1),(799,'female','Ellen','Bailey','ellen.bailey@example.com','Miller Ave Charleston','(529) 990-1651','https://randomuser.me/api/portraits/med/women/55.jpg',1),(800,'female','Jennie','Walker','jennie.walker@example.com','Frances Ct Phoenix','(483) 377-7411','https://randomuser.me/api/portraits/med/women/52.jpg',1),(801,'female','Naomi','Cardoso','naomi.cardoso@example.com','Rua José Bonifácio  Jundiaí','(01) 0399-9761','https://randomuser.me/api/portraits/med/women/12.jpg',1),(802,'female','Anastasiya','Starostenko','anastasiya.starostenko@example.com','Maydan Feyierbaha Lozova','(099) K56-5369','https://randomuser.me/api/portraits/med/women/88.jpg',0),(803,'female','Suraksha','Tipparti','suraksha.tipparti@example.com','Shakespeare Sarani Jalgaon','7696116415','https://randomuser.me/api/portraits/med/women/58.jpg',1),(804,'female','Hanan','Storheim','hanan.storheim@example.com','Madserud allé Blaker','52499408','https://randomuser.me/api/portraits/med/women/6.jpg',1),(805,'male','Indra','Rocha','indra.rocha@example.com','Rua Quinze de Novembro  Palhoça','(53) 7487-6287','https://randomuser.me/api/portraits/med/men/2.jpg',1),(806,'male','Matz','Van Brussel','matz.vanbrussel@example.com','Joostinksdijk Egchel','(020) 1029193','https://randomuser.me/api/portraits/med/men/46.jpg',1),(807,'female','Sinara','Lopes','sinara.lopes@example.com','Avenida D. Pedro Ii Sertãozinho','(41) 1255-7909','https://randomuser.me/api/portraits/med/women/18.jpg',1),(808,'female','Lea','Andersen','lea.andersen@example.com','Concession Road 23 Elgin','T75 G34-1126','https://randomuser.me/api/portraits/med/women/57.jpg',1),(809,'male','Ladomir','Grebinka','ladomir.grebinka@example.com','Fedora Ernsta Mironivka','(066) R93-9299','https://randomuser.me/api/portraits/med/men/72.jpg',0),(810,'female','Willie','Meyer','willie.meyer@example.com','Spring Hill Rd Colorado Springs','(834) 686-8177','https://randomuser.me/api/portraits/med/women/54.jpg',0),(811,'female','Isabella','Rodriguez','isabella.rodriguez@example.com','Richmond Road Exeter','017683 98785','https://randomuser.me/api/portraits/med/women/12.jpg',1),(812,'female','Miriam','Moya','miriam.moya@example.com','Paseo de Zorrilla Bilbao','968-058-731','https://randomuser.me/api/portraits/med/women/36.jpg',1),(813,'female','Runa','Halstensen','runa.halstensen@example.com','Lofsrudveien Helle','24701179','https://randomuser.me/api/portraits/med/women/27.jpg',0),(814,'female','Tracey','Sims','tracey.sims@example.com','North Street Edenderry','021-290-5025','https://randomuser.me/api/portraits/med/women/45.jpg',0),(815,'male','Ajinkya','Gugale','ajinkya.gugale@example.com','Kasturba Rd Chinsurah','8789301010','https://randomuser.me/api/portraits/med/men/90.jpg',1),(816,'male','Alexander','Lawson','alexander.lawson@example.com','Shady Ln Dr Nowra','02-0919-0933','https://randomuser.me/api/portraits/med/men/14.jpg',1),(817,'female','Chloe','Richards','chloe.richards@example.com','Jones Road Mullingar','041-436-3585','https://randomuser.me/api/portraits/med/women/52.jpg',1),(818,'female','Saisha','Pujari','saisha.pujari@example.com','Altamount Rd Delhi','9089897041','https://randomuser.me/api/portraits/med/women/24.jpg',1),(819,'female','Sheila','Guillaume','sheila.guillaume@example.com','Rue des Écoles Saint-Martin (Fr)','077 941 06 64','https://randomuser.me/api/portraits/med/women/11.jpg',1),(820,'female','Lydia','Carpentier','lydia.carpentier@example.com','Avenue de L\'Abbé-Roussel Hellsau','078 786 63 02','https://randomuser.me/api/portraits/med/women/55.jpg',1),(821,'male','Stanislaw','Flaaten','stanislaw.flaaten@example.com','Søndre Rød Forsand','53405482','https://randomuser.me/api/portraits/med/men/47.jpg',0),(822,'female','Robbin','Evers','robbin.evers@example.com','Hudsondwarsstraat Roosteren','(0709) 275752','https://randomuser.me/api/portraits/med/women/22.jpg',1),(823,'male','Lucas','Montero','lucas.montero@example.com','Calle de La Democracia Santiago de Compostela','971-456-332','https://randomuser.me/api/portraits/med/men/77.jpg',1),(824,'male','Armelim','Pires','armelim.pires@example.com','Rua São José  Ponta Grossa','(17) 8833-6759','https://randomuser.me/api/portraits/med/men/21.jpg',1),(825,'male','Bruce','Gibson','bruce.gibson@example.com','Washington Ave Los Lunas','(427) 310-3331','https://randomuser.me/api/portraits/med/men/0.jpg',1),(826,'female','Isabella','Leclercq','isabella.leclercq@example.com','Rue Abel-Ferry Oberdorf (So)','075 746 90 15','https://randomuser.me/api/portraits/med/women/65.jpg',1),(827,'female','Debbie','Hoffman','debbie.hoffman@example.com','Eason Rd Wagga Wagga','01-9353-8994','https://randomuser.me/api/portraits/med/women/21.jpg',1),(828,'female','Serafima','Stavnichiy','serafima.stavnichiy@example.com','Ivana Bolotnikova Novoselicya','(066) H73-1274','https://randomuser.me/api/portraits/med/women/7.jpg',1),(829,'female','Angela','Diaz','angela.diaz@example.com','Calle de Pedro Bosch Santiago de Compostela','932-979-226','https://randomuser.me/api/portraits/med/women/87.jpg',1),(830,'female','Isis','das Neves','isis.dasneves@example.com','Rua Dezenove de Outubro Itatiba','(07) 9204-3797','https://randomuser.me/api/portraits/med/women/42.jpg',1),(831,'male','Rubén','Carmona','ruben.carmona@example.com','Calle del Prado Sevilla','911-867-911','https://randomuser.me/api/portraits/med/men/73.jpg',1),(832,'male','Abraham','Fajardo','abraham.fajardo@example.com','Calzada Islas Marshall Ejido B.Juárez (Mpio.Namiquipa)','(685) 512 7978','https://randomuser.me/api/portraits/med/men/86.jpg',1),(833,'female','Dulce María','Villagómez','dulcemaria.villagomez@example.com','Ampliación Medina San Pedro Pochutla','(628) 344 7652','https://randomuser.me/api/portraits/med/women/74.jpg',0),(834,'female','Brielle','Thompson','brielle.thompson@example.com','Lake of Bays Road Russell','A58 Z65-8128','https://randomuser.me/api/portraits/med/women/18.jpg',1),(835,'male','Jakov','Tešić','jakov.tesic@example.com','Milorada Živkovića Gornji Milanovac','039-9269-269','https://randomuser.me/api/portraits/med/men/27.jpg',1),(836,'male','Rodolfo','Ferreira','rodolfo.ferreira@example.com','Rua Rio de Janeiro  Toledo','(83) 4104-1045','https://randomuser.me/api/portraits/med/men/1.jpg',1),(837,'male','Snaga','Trigub','snaga.trigub@example.com','Plugova Ivano-Frankivsk','(066) Q89-7432','https://randomuser.me/api/portraits/med/men/28.jpg',1),(838,'female','Esmeralda','Sotelo','esmeralda.sotelo@example.com','Pasaje Aguascalientes Quila','(665) 649 5531','https://randomuser.me/api/portraits/med/women/4.jpg',1),(839,'female','Manisha','Mendonsa','manisha.mendonsa@example.com','Swargate Raiganj','7010808116','https://randomuser.me/api/portraits/med/women/35.jpg',1),(840,'female','Thaïs','Lemoine','thais.lemoine@example.com','Rue du Stade Créteil','05-97-23-96-65','https://randomuser.me/api/portraits/med/women/46.jpg',1),(841,'female','Peyton','Singh','peyton.singh@example.com','Pages Road Palmerston North','(196)-466-0292','https://randomuser.me/api/portraits/med/women/60.jpg',1),(842,'female','Chantal','Wernicke','chantal.wernicke@example.com','Brunnenstraße Mitterteich','0463-9957551','https://randomuser.me/api/portraits/med/women/90.jpg',1),(843,'male','Orlando','Ribeiro','orlando.ribeiro@example.com','Rua Bela Vista  Guarapari','(06) 8770-0119','https://randomuser.me/api/portraits/med/men/76.jpg',1),(844,'male','Moreno','Brunet','moreno.brunet@example.com','Avenue Jean-Jaurès Rheinfelden','077 716 28 10','https://randomuser.me/api/portraits/med/men/8.jpg',0),(845,'male','مهراد','گلشن','mhrd.glshn@example.com','آیت الله مدرس ساری','022-23382296','https://randomuser.me/api/portraits/med/men/8.jpg',1),(846,'male','Tormod','Rogne','tormod.rogne@example.com','Saturnveien Kolbu','57938878','https://randomuser.me/api/portraits/med/men/83.jpg',1),(847,'female','Olea','Bjørndal','olea.bjorndal@example.com','Ullagerveien Etne','71343733','https://randomuser.me/api/portraits/med/women/64.jpg',1),(848,'female','Hazal','Van den Nieuwendijk','hazal.vandennieuwendijk@example.com','Bamshorn Ezumazijl','(034) 7761989','https://randomuser.me/api/portraits/med/women/50.jpg',1),(849,'male','Humberto','Prieto','humberto.prieto@example.com','Diagonal Sur Ponce Tequesquitlán','(636) 497 1801','https://randomuser.me/api/portraits/med/men/59.jpg',1),(850,'male','Hugo','Mora','hugo.mora@example.com','Calle de Toledo Bilbao','941-370-025','https://randomuser.me/api/portraits/med/men/71.jpg',1),(851,'female','Hailey','Ennis','hailey.ennis@example.com','Argyle St Red Rock','P34 F56-4251','https://randomuser.me/api/portraits/med/women/34.jpg',0),(852,'female','Nargis','Schillings','nargis.schillings@example.com','Bovenlandweg Kampereiland','(0727) 086482','https://randomuser.me/api/portraits/med/women/12.jpg',1),(853,'female','Rayina','Filenko','rayina.filenko@example.com','Krasnodarska Dunayivci','(098) X72-3760','https://randomuser.me/api/portraits/med/women/37.jpg',1),(854,'female','Violet','King','violet.king@example.com','Aldwins Road Whanganui','(256)-896-8279','https://randomuser.me/api/portraits/med/women/16.jpg',1),(855,'female','Chloe','Ølberg','chloe.olberg@example.com','Øvre gate Oppeid','86057048','https://randomuser.me/api/portraits/med/women/0.jpg',1),(856,'female','Linda','Fowler','linda.fowler@example.com','Oak Ridge Ln Albany','00-3849-0982','https://randomuser.me/api/portraits/med/women/16.jpg',1),(857,'female','Julia','Moilanen','julia.moilanen@example.com','Nordenskiöldinkatu Kotka','08-878-449','https://randomuser.me/api/portraits/med/women/65.jpg',1),(858,'female','Vicky','Chapman','vicky.chapman@example.com','Grange Road St Albans','016973 52902','https://randomuser.me/api/portraits/med/women/86.jpg',0),(859,'female','Linda','Johnson','linda.johnson@example.com','North Road Monaghan','021-203-4503','https://randomuser.me/api/portraits/med/women/43.jpg',1),(860,'female','Florence','Wells','florence.wells@example.com','Station Road Kinsealy-Drinan','051-943-6341','https://randomuser.me/api/portraits/med/women/41.jpg',1),(861,'female','Ceylan','Koyuncu','ceylan.koyuncu@example.com','Bağdat Cd Balıkesir','(807)-444-1933','https://randomuser.me/api/portraits/med/women/85.jpg',1),(862,'female','Marie','Madsen','marie.madsen@example.com','Algade Vipperød','74416922','https://randomuser.me/api/portraits/med/women/19.jpg',1),(863,'male','Sadhil','Raval','sadhil.raval@example.com','Sitabuldi Main Rd Dhule','9340777179','https://randomuser.me/api/portraits/med/men/8.jpg',1),(864,'female','Daria','Kengen','daria.kengen@example.com','Bedaulxstraat Westerveld','(0550) 018489','https://randomuser.me/api/portraits/med/women/13.jpg',1),(865,'male','Storm','Larsen','storm.larsen@example.com','Vestermarken København Sv','07142776','https://randomuser.me/api/portraits/med/men/18.jpg',1),(866,'female','Pinja','Kilpela','pinja.kilpela@example.com','Mechelininkatu Ylivieska','03-064-464','https://randomuser.me/api/portraits/med/women/61.jpg',1),(867,'female','Jovana','Orlić','jovana.orlic@example.com','Kapetana Deroka Pančevo','018-4757-626','https://randomuser.me/api/portraits/med/women/18.jpg',0),(868,'male','Camilo','Nogueira','camilo.nogueira@example.com','Rua Vinte E Quatro de Outubro Maranguape','(17) 2275-2535','https://randomuser.me/api/portraits/med/men/37.jpg',1),(869,'female','Gabriella','Wheeler','gabriella.wheeler@example.com','Spring Hill Rd Warrnambool','00-1649-6556','https://randomuser.me/api/portraits/med/women/85.jpg',1),(870,'male','Benjamin','Lewis','benjamin.lewis@example.com','Redoubt Road Dunedin','(975)-861-1100','https://randomuser.me/api/portraits/med/men/83.jpg',1),(871,'male','Gabino','Rocha','gabino.rocha@example.com','Callejón Hidalgo Samalayuca','(607) 773 1026','https://randomuser.me/api/portraits/med/men/96.jpg',1),(872,'male','Ernesto','Navarro','ernesto.navarro@example.com','Paseo de Extremadura Bilbao','933-864-140','https://randomuser.me/api/portraits/med/men/36.jpg',1),(873,'female','Keely','Van der Vegte','keely.vandervegte@example.com','Finkebuorren Eeserveen Odoorn','(018) 1405383','https://randomuser.me/api/portraits/med/women/29.jpg',1),(874,'female','Leticia','Villareal','leticia.villareal@example.com','Pasaje Tamaulipas Gral. J. Ma. Morelos y Pavón','(672) 842 9568','https://randomuser.me/api/portraits/med/women/53.jpg',1),(875,'male','Granislav','Zhuravskiy','granislav.zhuravskiy@example.com','Bilokrinichniy provulok Dobromil','(098) Y34-3289','https://randomuser.me/api/portraits/med/men/2.jpg',1),(876,'female','Jenny','White','jenny.white@example.com','George Street Exeter','016977 7341','https://randomuser.me/api/portraits/med/women/47.jpg',1),(877,'female','هلیا','صدر','hly.sdr@example.com','مقدس اردبیلی همدان','031-48542286','https://randomuser.me/api/portraits/med/women/78.jpg',1),(878,'male','Jeppe','Petersen','jeppe.petersen@example.com','Vesterbro Aarhus N','54320192','https://randomuser.me/api/portraits/med/men/22.jpg',1),(879,'male','Hubert','Bruun','hubert.bruun@example.com','Drammensveien Midsund','61001573','https://randomuser.me/api/portraits/med/men/11.jpg',1),(880,'male','Ilyès','Lemoine','ilyes.lemoine@example.com','Place de L\'Abbé-Basset Reims','04-89-30-12-25','https://randomuser.me/api/portraits/med/men/13.jpg',1),(881,'male','Lubomir','Zec','lubomir.zec@example.com','Stare Ranke Pirot','012-7390-724','https://randomuser.me/api/portraits/med/men/6.jpg',1),(882,'female','Emmanuel','Boycun','emmanuel.boycun@example.com','Snizhnyanskiy provulok Pokrov','(097) D40-1522','https://randomuser.me/api/portraits/med/women/49.jpg',1),(883,'male','Lucas','Laurent','lucas.laurent@example.com','Rue Principale Poitiers','01-39-86-78-45','https://randomuser.me/api/portraits/med/men/35.jpg',1),(884,'male','Maurice','Diaz','maurice.diaz@example.com','Westheimer Rd Geelong','07-3705-7221','https://randomuser.me/api/portraits/med/men/84.jpg',1),(885,'female','Signe','Poulsen','signe.poulsen@example.com','Bakkesvinget Aalborg S.Ø.','05417806','https://randomuser.me/api/portraits/med/women/9.jpg',1),(886,'male','Eli','Cooper','eli.cooper@example.com','Locust Rd Bathurst','08-4630-4885','https://randomuser.me/api/portraits/med/men/92.jpg',1),(887,'male','Riza','Heger','riza.heger@example.com','Marktplatz Versmold','0625-7590113','https://randomuser.me/api/portraits/med/men/1.jpg',0),(888,'female','Marilou','Van der Krogt','marilou.vanderkrogt@example.com','Elsenerbroekweg Wommels','(056) 5135812','https://randomuser.me/api/portraits/med/women/45.jpg',1),(889,'male','Willy','Mai','willy.mai@example.com','Ringstraße Wolfratshausen','0783-7307231','https://randomuser.me/api/portraits/med/men/49.jpg',1),(890,'female','Dunja','Spasić','dunja.spasic@example.com','Slobodana Kolakovića Priboj','021-5172-166','https://randomuser.me/api/portraits/med/women/56.jpg',1),(891,'female','Ilona','Hietala','ilona.hietala@example.com','Rautatienkatu Paltamo','03-420-650','https://randomuser.me/api/portraits/med/women/29.jpg',1),(892,'male','Ángel','Vega','angel.vega@example.com','Avenida de Salamanca San Sebastián','965-040-027','https://randomuser.me/api/portraits/med/men/3.jpg',1),(893,'male','Oliver','Jørgensen','oliver.jorgensen@example.com','Møllegårdsvej Hornbæk','53435883','https://randomuser.me/api/portraits/med/men/58.jpg',0),(894,'female','Amy','Chow','amy.chow@example.com','Grand Ave Carleton','J58 I71-0813','https://randomuser.me/api/portraits/med/women/96.jpg',1),(895,'male','Oliver','Green','oliver.green@example.com','Caversham Valley Road Napier','(205)-228-9578','https://randomuser.me/api/portraits/med/men/99.jpg',1),(896,'female','Gamze','Van Lee','gamze.vanlee@example.com','Kilbystraat Serooskerke Schouwen','(018) 9887873','https://randomuser.me/api/portraits/med/women/92.jpg',1),(897,'female','Ivy','Davies','ivy.davies@example.com','Seymour Street Lower Hutt','(698)-012-2824','https://randomuser.me/api/portraits/med/women/35.jpg',1),(898,'male','Elias','Toivonen','elias.toivonen@example.com','Hatanpään Valtatie Porvoo','02-508-816','https://randomuser.me/api/portraits/med/men/7.jpg',1),(899,'female','Florence','Knight','florence.knight@example.com','Grand Marais Ave Havelock','P26 S26-7764','https://randomuser.me/api/portraits/med/women/18.jpg',1),(900,'female','Gorpina','Drizhenko','gorpina.drizhenko@example.com','Nizhnoyurkivska Kosiv','(067) Z28-8402','https://randomuser.me/api/portraits/med/women/21.jpg',1),(901,'female','Bojana','Pejaković','bojana.pejakovic@example.com','Belog Brega Bačka Topola','038-8127-252','https://randomuser.me/api/portraits/med/women/27.jpg',0),(902,'female','Heidi','Robinson','heidi.robinson@example.com','Rectory Lane Stevenage','016977 72926','https://randomuser.me/api/portraits/med/women/65.jpg',1),(903,'female','Esma','Kuzucu','esma.kuzucu@example.com','Istiklal Cd Bartın','(720)-157-6755','https://randomuser.me/api/portraits/med/women/96.jpg',1),(904,'female','Selma','Hansen','selma.hansen@example.com','Amtsvejen København Sv','79839879','https://randomuser.me/api/portraits/med/women/93.jpg',1),(905,'male','Niilo','Hamalainen','niilo.hamalainen@example.com','Tehtaankatu Toholampi','02-902-984','https://randomuser.me/api/portraits/med/men/87.jpg',1),(906,'male','Noah','Singh','noah.singh@example.com','Remuera Road Dunedin','(830)-771-9971','https://randomuser.me/api/portraits/med/men/49.jpg',1),(907,'male','مهراد','یاسمی','mhrd.ysmy@example.com','شهید کشواد قدس','039-17753357','https://randomuser.me/api/portraits/med/men/36.jpg',1),(908,'female','Jasmine','Park','jasmine.park@example.com','Bay Ave Enterprise','N12 K24-8604','https://randomuser.me/api/portraits/med/women/57.jpg',1),(909,'male','Olander','Folkvord','olander.folkvord@example.com','Grimelundshaugen Våk','64869796','https://randomuser.me/api/portraits/med/men/16.jpg',1),(910,'female','Mary','Jenkins','mary.jenkins@example.com','Grafton Street Waterford','051-109-1199','https://randomuser.me/api/portraits/med/women/30.jpg',1),(911,'male','Allan','West','allan.west@example.com','Oak Lawn Ave Roseburg','(932) 718-6905','https://randomuser.me/api/portraits/med/men/62.jpg',1),(912,'male','Dawid','Laugen','dawid.laugen@example.com','Grevlinglia Brattvåg','32619164','https://randomuser.me/api/portraits/med/men/39.jpg',1),(913,'male','Alan','Lord','alan.lord@example.com','Alexander Road Worcester','015395 23569','https://randomuser.me/api/portraits/med/men/38.jpg',1),(914,'male','Prodan','Aleksić','prodan.aleksic@example.com','Velimira Veke Ilića Loznica','035-1002-338','https://randomuser.me/api/portraits/med/men/36.jpg',1),(915,'male','Omkaar','Chiplunkar','omkaar.chiplunkar@example.com','Mirza Ghalib St Bahraich','7368490160','https://randomuser.me/api/portraits/med/men/87.jpg',1),(916,'female','Gerti','Kruse','gerti.kruse@example.com','Am Bahnhof Beeskow','0340-1174912','https://randomuser.me/api/portraits/med/women/95.jpg',1),(917,'male','Pavle','Ivanić','pavle.ivanic@example.com','Zorina Despotovac','022-2012-257','https://randomuser.me/api/portraits/med/men/76.jpg',1),(918,'female','Mirjana','Rodić','mirjana.rodic@example.com','Mramoračka Mali Zvornik','012-7327-698','https://randomuser.me/api/portraits/med/women/65.jpg',1),(919,'male','Louis','James','louis.james@example.com','Green Lane Mountmellick','051-961-1763','https://randomuser.me/api/portraits/med/men/27.jpg',1),(920,'female','Amy','Li','amy.li@example.com','Wellington St Waterloo','T47 E29-8706','https://randomuser.me/api/portraits/med/women/46.jpg',1),(921,'male','Svitomir','Yanushevich','svitomir.yanushevich@example.com','Lepkogo Nikopol','(067) Q51-6546','https://randomuser.me/api/portraits/med/men/49.jpg',1),(922,'female','Iva','Šotra','iva.sotra@example.com','Batlavska Kladovo','014-0098-237','https://randomuser.me/api/portraits/med/women/35.jpg',1),(923,'male','Babür','Akyürek','babur.akyurek@example.com','Kushimoto Sk Elazığ','(581)-397-9398','https://randomuser.me/api/portraits/med/men/16.jpg',1),(924,'female','Gundula','Nissen','gundula.nissen@example.com','Lessingstraße Viechtach','0141-9762498','https://randomuser.me/api/portraits/med/women/56.jpg',1),(925,'male','Théo','Richard','theo.richard@example.com','Rue des Cuirassiers Tours','04-63-86-23-35','https://randomuser.me/api/portraits/med/men/34.jpg',1),(926,'female','Kazka','Dubovik','kazka.dubovik@example.com','Bogoyavlenskiy prospekt Perevalsk','(097) L66-5697','https://randomuser.me/api/portraits/med/women/38.jpg',1),(927,'male','Andree','Drechsel','andree.drechsel@example.com','Schulstraße Hilden','0892-7190253','https://randomuser.me/api/portraits/med/men/16.jpg',1),(928,'female','Clenira','Moraes','clenira.moraes@example.com','Rua Piauí  Santos','(41) 4850-4184','https://randomuser.me/api/portraits/med/women/81.jpg',1),(929,'male','Luis Manuel','Tafoya','luismanuel.tafoya@example.com','Eje vial Limón La Caja','(600) 669 4655','https://randomuser.me/api/portraits/med/men/16.jpg',1),(930,'female','آوین','گلشن','awyn.glshn@example.com','شهید رحمانی سیرجان','070-96055963','https://randomuser.me/api/portraits/med/women/85.jpg',1),(931,'male','Veeti','Palo','veeti.palo@example.com','Satakennankatu Säkylä','07-218-912','https://randomuser.me/api/portraits/med/men/9.jpg',1),(932,'female','Angelina','Kvamsdal','angelina.kvamsdal@example.com','Eneboveien Hammarsland','63247569','https://randomuser.me/api/portraits/med/women/20.jpg',1),(933,'female','Elsa','Blanco','elsa.blanco@example.com','Circunvalación Rodríquez Atenango del Río','(664) 291 1685','https://randomuser.me/api/portraits/med/women/52.jpg',1),(934,'male','Anthony','Mäder','anthony.mader@example.com','Dorfstraße Tessin','0209-9123825','https://randomuser.me/api/portraits/med/men/9.jpg',1),(935,'female','Emily','Brar','emily.brar@example.com','St. Lawrence Ave Shelbourne','W42 T31-9786','https://randomuser.me/api/portraits/med/women/35.jpg',1),(936,'female','Sophie','Denys','sophie.denys@example.com','St. Catherine St Trenton','K55 G59-8314','https://randomuser.me/api/portraits/med/women/56.jpg',1),(937,'female','Julie','Ford','julie.ford@example.com','Springfield Road Leixlip','041-355-4582','https://randomuser.me/api/portraits/med/women/13.jpg',1),(938,'male','Frederikke','Møller','frederikke.moller@example.com','Musvågevej Klitmøller','80043828','https://randomuser.me/api/portraits/med/men/85.jpg',1),(939,'female','یسنا','علیزاده','ysn.aalyzdh@example.com','پارک 17 شهریور ارومیه','067-47022753','https://randomuser.me/api/portraits/med/women/20.jpg',1),(940,'male','Varfolomiy','Pikovec','varfolomiy.pikovec@example.com','Novogolosiyivska Hust','(097) T08-9280','https://randomuser.me/api/portraits/med/men/70.jpg',1),(941,'female','Laura','Sims','laura.sims@example.com','Church Street Ballybofey-Stranorlar','041-718-5466','https://randomuser.me/api/portraits/med/women/87.jpg',1),(942,'male','Volodimir','Ulinec','volodimir.ulinec@example.com','Livarna Perechin','(067) Q42-7727','https://randomuser.me/api/portraits/med/men/0.jpg',1),(943,'female','Esfir','Yaloviy','esfir.yaloviy@example.com','Kozelnicka Druzhkivka','(096) T78-9090','https://randomuser.me/api/portraits/med/women/79.jpg',1),(944,'female','آوینا','سهيلي راد','awyn.shylyrd@example.com','شهید عباس افضلی سنندج','033-80629069','https://randomuser.me/api/portraits/med/women/84.jpg',1),(945,'female','Myrtle','Carter','myrtle.carter@example.com','Crockett St Oxnard','(979) 899-9667','https://randomuser.me/api/portraits/med/women/22.jpg',1),(946,'female','Alina','Risan','alina.risan@example.com','Grønmoveien Lundermoen','89821420','https://randomuser.me/api/portraits/med/women/75.jpg',0),(947,'female','Lois','Terry','lois.terry@example.com','Prospect Rd Pueblo','(878) 274-9240','https://randomuser.me/api/portraits/med/women/93.jpg',1),(948,'male','Chaim','Broeren','chaim.broeren@example.com','Groene Bruglaan Biddinghuizen','(020) 4485324','https://randomuser.me/api/portraits/med/men/36.jpg',1),(949,'female','Tanja','Bretschneider','tanja.bretschneider@example.com','Drosselweg Kremmen','0013-0692738','https://randomuser.me/api/portraits/med/women/35.jpg',1),(950,'female','Kate','Perry','kate.perry@example.com','George Street Kells','021-662-3403','https://randomuser.me/api/portraits/med/women/96.jpg',1),(951,'female','Victoria','Anderson','victoria.anderson@example.com','Lakeview Ave Trenton','J27 S46-2919','https://randomuser.me/api/portraits/med/women/65.jpg',1),(952,'male','Adrian','Lemeshko','adrian.lemeshko@example.com','6-ta Slobidska Gorishni Plavni','(096) B34-5664','https://randomuser.me/api/portraits/med/men/72.jpg',1),(953,'male','Julius','Takala','julius.takala@example.com','Otavalankatu Sotkamo','06-619-929','https://randomuser.me/api/portraits/med/men/61.jpg',0),(954,'male','Nikolaj','Petersen','nikolaj.petersen@example.com','Rønnevej Ulsted, Hals','76849854','https://randomuser.me/api/portraits/med/men/41.jpg',1),(955,'female','یسنا','سالاری','ysn.slry@example.com','میدان فلسطین سبزوار','015-88783969','https://randomuser.me/api/portraits/med/women/67.jpg',1),(956,'female','Toni','Dunn','toni.dunn@example.com','N Stelling Rd Cupertino','(509) 643-0961','https://randomuser.me/api/portraits/med/women/13.jpg',1),(957,'female','Berenice','Nogueira','berenice.nogueira@example.com','Avenida D. Pedro Ii Marituba','(40) 8441-0210','https://randomuser.me/api/portraits/med/women/4.jpg',1),(958,'female','Maja','Robert','maja.robert@example.com','Rue Laure-Diebold Muolen','079 867 66 52','https://randomuser.me/api/portraits/med/women/8.jpg',1),(959,'female','Ayida','Farion','ayida.farion@example.com','Zamkovecka Tavriysk','(068) A89-0788','https://randomuser.me/api/portraits/med/women/67.jpg',1),(960,'female','Teresa','Cruz','teresa.cruz@example.com','Richmond Park Malahide','011-417-2538','https://randomuser.me/api/portraits/med/women/41.jpg',1),(961,'female','Sophia','Green','sophia.green@example.com','Main Road Cambridge','016977 51819','https://randomuser.me/api/portraits/med/women/34.jpg',0),(962,'male','Jimmie','May','jimmie.may@example.com','Dogwood Ave Albany','00-4892-8851','https://randomuser.me/api/portraits/med/men/16.jpg',1),(963,'female','Ceciliya','Kisil','ceciliya.kisil@example.com','Senkovicha Skvira','(067) S99-6749','https://randomuser.me/api/portraits/med/women/23.jpg',1),(964,'female','Sandra','León','sandra.leon@example.com','Calle de Atocha Arrecife','938-574-789','https://randomuser.me/api/portraits/med/women/11.jpg',1),(965,'male','Aaron','Johnson','aaron.johnson@example.com','Waipuna Road Napier','(358)-639-4853','https://randomuser.me/api/portraits/med/men/56.jpg',1),(966,'female','Bratislava','Preković','bratislava.prekovic@example.com','Vere Veljkov Žabalj','039-9020-154','https://randomuser.me/api/portraits/med/women/35.jpg',1),(967,'female','Rosie','Griffin','rosie.griffin@example.com','New Street Monaghan','011-544-5060','https://randomuser.me/api/portraits/med/women/24.jpg',1),(968,'male','Rene','Howard','rene.howard@example.com','Valley View Ln Sydney','08-2342-1350','https://randomuser.me/api/portraits/med/men/18.jpg',0),(969,'male','Ian','Kvamsdal','ian.kvamsdal@example.com','Nedre gate Grøa','64986424','https://randomuser.me/api/portraits/med/men/87.jpg',1),(970,'male','Mikal','Digre','mikal.digre@example.com','Skinnerbakken Ytre Enebakk','73823074','https://randomuser.me/api/portraits/med/men/38.jpg',1),(971,'female','Kalinka','Peixoto','kalinka.peixoto@example.com','Rua Principal São Mateus','(24) 5809-5439','https://randomuser.me/api/portraits/med/women/0.jpg',1),(972,'male','Isabel','Longoria','isabel.longoria@example.com','Calzada Islas Marshall Hueytamalco','(669) 791 3042','https://randomuser.me/api/portraits/med/men/50.jpg',1),(973,'male','Yonah','Van der Kruk','yonah.vanderkruk@example.com','Garmt Stuivelingstraat Reahus','(074) 4968555','https://randomuser.me/api/portraits/med/men/98.jpg',1),(974,'female','Amanda','Gonzalez','amanda.gonzalez@example.com','Marsh Ln Brisbane','09-0593-5187','https://randomuser.me/api/portraits/med/women/88.jpg',1),(975,'female','Lucille','Webb','lucille.webb@example.com','Railroad St Geraldton','02-5803-8655','https://randomuser.me/api/portraits/med/women/44.jpg',0),(976,'female','Danka','Pištalo','danka.pistalo@example.com','Klopotnička Leskovac','024-3832-197','https://randomuser.me/api/portraits/med/women/26.jpg',1),(977,'female','Sophia','Stephens','sophia.stephens@example.com','Green Lane Bath','013873 86576','https://randomuser.me/api/portraits/med/women/41.jpg',1),(978,'female','Millie','Walker','millie.walker@example.com','White Swan Road Invercargill','(483)-696-0354','https://randomuser.me/api/portraits/med/women/61.jpg',1),(979,'male','Horácio','Araújo','horacio.araujo@example.com','Beco dos Namorados Jaú','(69) 9195-2659','https://randomuser.me/api/portraits/med/men/27.jpg',1),(980,'male','Juan','Suarez','juan.suarez@example.com','Calle de Téllez Castellón de la Plana','909-335-982','https://randomuser.me/api/portraits/med/men/79.jpg',1),(981,'female','Ladislava','Podushko','ladislava.podushko@example.com','Sofiyska ploshcha Mikolayiv','(098) N49-2730','https://randomuser.me/api/portraits/med/women/49.jpg',1),(982,'female','Shelly','Berry','shelly.berry@example.com','Northaven Rd Dayton','(586) 847-1063','https://randomuser.me/api/portraits/med/women/52.jpg',1),(983,'female','کیمیا','علیزاده','khymy.aalyzdh@example.com','17 شهریور بروجرد','093-32466047','https://randomuser.me/api/portraits/med/women/56.jpg',0);
/*!40000 ALTER TABLE `member` ENABLE KEYS */;
UNLOCK TABLES;

--
-- Table structure for table `member_seq`
--

DROP TABLE IF EXISTS `member_seq`;
/*!40101 SET @saved_cs_client     = @@character_set_client */;
/*!50503 SET character_set_client = utf8mb4 */;
CREATE TABLE `member_seq` (
  `next_val` bigint DEFAULT NULL
) ENGINE=InnoDB DEFAULT CHARSET=utf8mb4 COLLATE=utf8mb4_0900_ai_ci;
/*!40101 SET character_set_client = @saved_cs_client */;

--
-- Dumping data for table `member_seq`
--

LOCK TABLES `member_seq` WRITE;
/*!40000 ALTER TABLE `member_seq` DISABLE KEYS */;
INSERT INTO `member_seq` VALUES (501);
/*!40000 ALTER TABLE `member_seq` ENABLE KEYS */;
UNLOCK TABLES;

--
-- Table structure for table `member_subscription`
--

DROP TABLE IF EXISTS `member_subscription`;
/*!40101 SET @saved_cs_client     = @@character_set_client */;
/*!50503 SET character_set_client = utf8mb4 */;
CREATE TABLE `member_subscription` (
  `id` int NOT NULL AUTO_INCREMENT,
  `memberid` int NOT NULL,
  `subscriptionid` int NOT NULL,
  `startdate` date NOT NULL,
  `paid` int NOT NULL,
  PRIMARY KEY (`id`),
  KEY `fk_member_subscription_1_idx` (`memberid`),
  KEY `fk_subscription_idx` (`subscriptionid`),
  CONSTRAINT `fk_member` FOREIGN KEY (`memberid`) REFERENCES `member` (`id`),
  CONSTRAINT `fk_subscription` FOREIGN KEY (`subscriptionid`) REFERENCES `subscription` (`id`)
) ENGINE=InnoDB AUTO_INCREMENT=885 DEFAULT CHARSET=utf8mb4 COLLATE=utf8mb4_0900_ai_ci;
/*!40101 SET character_set_client = @saved_cs_client */;

--
-- Dumping data for table `member_subscription`
--

LOCK TABLES `member_subscription` WRITE;
/*!40000 ALTER TABLE `member_subscription` DISABLE KEYS */;
INSERT INTO `member_subscription` VALUES (102,403,1,'2024-07-30',300),(435,484,1,'2024-05-23',300),(436,485,1,'2024-01-29',300),(437,486,1,'2023-10-07',300),(438,487,1,'2024-06-08',300),(439,488,1,'2024-06-24',300),(440,489,1,'2023-09-25',300),(441,490,1,'2024-06-02',300),(442,491,1,'2024-04-16',300),(443,492,1,'2024-04-06',300),(444,493,1,'2024-05-24',300),(445,494,1,'2024-04-15',300),(446,495,1,'2024-05-30',300),(447,496,1,'2024-01-07',300),(448,498,1,'2024-01-20',300),(449,499,1,'2024-05-11',300),(450,500,1,'2024-04-27',300),(451,501,1,'2023-10-16',300),(452,502,1,'2024-02-06',300),(453,503,1,'2024-02-06',300),(454,504,1,'2024-01-13',300),(455,505,1,'2024-06-18',300),(456,506,1,'2024-03-07',300),(457,508,1,'2023-11-17',300),(458,509,1,'2024-07-11',300),(459,510,1,'2023-08-02',300),(460,512,1,'2023-12-14',300),(461,513,1,'2024-05-19',300),(462,514,1,'2023-09-05',300),(463,515,1,'2023-11-22',300),(464,516,1,'2023-10-13',300),(465,517,1,'2023-10-14',300),(466,518,1,'2024-06-14',300),(467,519,1,'2024-04-06',300),(468,520,1,'2024-02-17',300),(469,521,1,'2023-11-19',300),(470,522,1,'2024-05-13',300),(471,523,1,'2024-04-29',300),(472,524,1,'2024-04-28',300),(473,525,1,'2023-10-01',300),(474,526,1,'2023-09-13',300),(475,527,1,'2024-04-22',300),(476,528,1,'2023-11-27',300),(477,529,1,'2024-03-11',300),(478,530,1,'2023-12-30',300),(479,531,1,'2024-04-24',300),(480,532,1,'2024-04-24',300),(481,533,1,'2024-02-07',300),(482,534,1,'2024-06-17',300),(483,535,1,'2024-03-17',300),(484,536,1,'2024-02-13',300),(485,537,1,'2024-03-06',300),(486,538,1,'2024-03-21',300),(487,539,1,'2023-12-28',300),(488,540,1,'2023-09-15',300),(489,545,1,'2023-11-22',300),(490,548,1,'2023-12-22',300),(491,549,1,'2024-04-10',300),(492,550,1,'2024-03-01',300),(493,551,1,'2024-02-24',300),(494,552,1,'2024-04-02',300),(495,553,1,'2024-03-15',300),(496,554,1,'2024-01-23',300),(497,555,1,'2023-09-03',300),(498,556,1,'2023-10-16',300),(499,557,1,'2024-06-07',300),(500,558,1,'2024-07-12',300),(501,559,1,'2024-06-23',300),(502,560,1,'2024-01-23',300),(503,561,1,'2024-04-10',300),(504,562,1,'2023-11-21',300),(505,563,1,'2024-01-19',300),(506,564,1,'2024-07-24',300),(507,566,1,'2023-11-27',300),(508,567,1,'2023-11-10',300),(509,568,1,'2023-09-17',300),(510,570,1,'2024-04-09',300),(511,571,1,'2024-04-08',300),(512,572,1,'2024-07-14',300),(513,573,1,'2023-09-04',300),(514,574,1,'2024-06-28',300),(515,575,1,'2024-06-28',300),(516,576,1,'2023-09-09',300),(517,577,1,'2024-01-09',300),(518,578,1,'2024-04-09',300),(519,579,1,'2023-11-27',300),(520,580,1,'2024-01-30',300),(521,581,1,'2023-09-05',300),(522,582,1,'2023-10-23',300),(523,583,1,'2024-03-17',300),(524,584,1,'2023-10-13',300),(525,585,2,'2024-02-20',30),(526,586,2,'2023-10-21',30),(527,587,2,'2023-12-30',30),(528,588,2,'2023-12-28',30),(529,589,2,'2023-08-18',30),(530,590,2,'2024-05-30',30),(531,592,2,'2023-12-30',30),(532,593,2,'2023-10-14',30),(533,594,2,'2023-08-02',30),(534,596,2,'2024-05-25',30),(535,597,2,'2023-07-31',30),(536,598,2,'2024-01-07',30),(537,599,2,'2023-12-11',30),(538,600,2,'2024-07-02',30),(539,601,2,'2024-05-28',30),(540,602,2,'2023-07-30',30),(541,603,2,'2024-03-10',30),(542,604,2,'2024-02-23',30),(543,605,2,'2024-03-07',30),(544,606,2,'2023-09-26',30),(545,607,2,'2023-10-23',30),(546,608,2,'2024-04-19',30),(547,609,2,'2023-12-05',30),(548,610,2,'2024-04-19',30),(549,611,2,'2024-07-07',30),(550,612,2,'2023-09-26',30),(551,614,2,'2024-07-10',30),(552,615,2,'2023-10-06',30),(553,616,2,'2023-12-09',30),(554,617,2,'2023-08-31',30),(555,618,2,'2023-08-12',30),(556,619,2,'2024-01-22',30),(557,620,2,'2023-08-15',30),(558,621,2,'2023-10-06',30),(559,622,2,'2024-07-07',30),(560,623,2,'2024-05-30',30),(561,625,2,'2024-03-23',30),(562,626,2,'2024-05-09',30),(563,627,2,'2024-01-12',30),(564,629,2,'2024-05-18',30),(565,630,2,'2023-08-24',30),(566,631,2,'2023-08-20',30),(567,632,2,'2024-03-28',30),(568,633,2,'2024-04-05',30),(569,634,2,'2023-12-06',30),(570,635,2,'2024-06-16',30),(571,636,2,'2024-04-19',30),(572,637,2,'2024-07-16',30),(573,638,2,'2024-05-06',30),(574,639,2,'2024-07-24',30),(575,640,2,'2024-05-18',30),(576,641,2,'2023-10-22',30),(577,642,2,'2024-06-22',30),(578,643,2,'2023-12-04',30),(579,644,2,'2024-07-20',30),(580,645,2,'2023-11-05',30),(581,646,2,'2024-01-04',30),(582,647,2,'2023-11-20',30),(583,649,2,'2023-09-10',30),(584,650,2,'2023-09-13',30),(585,651,2,'2024-01-23',30),(586,652,2,'2023-12-26',30),(587,653,2,'2024-02-12',30),(588,654,2,'2023-11-18',30),(589,655,2,'2023-10-29',30),(590,656,2,'2024-05-27',30),(591,657,2,'2023-08-27',30),(592,658,2,'2023-08-05',30),(593,659,2,'2024-07-11',30),(594,660,2,'2023-12-12',30),(595,662,2,'2024-07-06',30),(596,663,2,'2023-11-17',30),(597,664,2,'2024-06-18',30),(598,665,2,'2023-09-11',30),(599,666,2,'2024-04-10',30),(600,667,2,'2024-06-30',30),(601,668,2,'2023-09-14',30),(602,669,2,'2024-01-22',30),(603,670,2,'2024-06-12',30),(604,671,2,'2023-09-13',30),(605,673,2,'2023-07-29',30),(606,674,2,'2024-01-04',30),(607,675,2,'2024-04-10',30),(608,676,2,'2023-09-19',30),(609,677,2,'2024-06-27',30),(610,678,2,'2024-04-12',30),(611,679,2,'2024-06-02',30),(612,680,2,'2023-11-20',30),(613,681,2,'2023-09-30',30),(614,682,2,'2023-08-02',30),(615,683,2,'2024-01-28',30),(616,684,2,'2024-04-01',30),(617,685,2,'2023-12-08',30),(618,686,2,'2024-07-14',30),(619,687,2,'2024-06-23',30),(620,688,2,'2024-06-10',30),(621,690,2,'2024-02-09',30),(622,692,2,'2024-07-07',30),(623,693,2,'2024-07-08',30),(624,694,2,'2024-03-14',30),(625,695,2,'2024-06-28',30),(626,696,2,'2023-12-22',30),(627,697,2,'2023-10-25',30),(628,698,2,'2023-12-11',30),(629,699,2,'2024-04-27',30),(630,700,2,'2024-07-21',30),(631,701,2,'2024-01-19',30),(632,702,2,'2023-09-07',30),(633,703,2,'2024-06-22',30),(634,704,2,'2024-07-15',30),(635,705,2,'2024-01-16',30),(636,706,2,'2024-05-11',30),(637,707,2,'2023-09-18',30),(638,708,2,'2024-04-30',30),(639,709,2,'2023-12-08',30),(640,710,2,'2024-03-04',30),(641,711,2,'2023-08-28',30),(642,712,2,'2023-09-16',30),(643,713,2,'2023-09-05',30),(644,714,2,'2024-02-10',30),(645,715,2,'2023-11-06',30),(646,716,2,'2023-08-13',30),(647,717,2,'2024-05-13',30),(648,718,2,'2024-06-28',30),(649,719,2,'2024-01-07',30),(650,720,2,'2023-09-23',30),(651,721,2,'2023-09-01',30),(652,722,2,'2024-05-21',30),(653,723,2,'2023-08-30',30),(654,725,2,'2024-03-26',30),(655,726,2,'2023-08-12',30),(656,727,2,'2024-01-01',30),(657,728,2,'2024-07-14',30),(658,729,2,'2023-10-25',30),(659,730,2,'2024-01-21',30),(660,731,2,'2023-10-04',30),(661,732,2,'2024-05-10',30),(662,733,2,'2023-08-11',30),(663,734,2,'2023-12-25',30),(664,735,2,'2023-12-30',30),(665,736,2,'2023-08-30',30),(666,737,2,'2024-05-08',30),(667,738,2,'2024-05-18',30),(668,739,2,'2024-02-13',30),(669,740,2,'2024-03-08',30),(670,741,2,'2023-09-07',30),(671,742,2,'2023-12-24',30),(672,743,2,'2024-02-25',30),(673,744,2,'2024-05-13',30),(674,747,2,'2023-09-02',30),(675,748,2,'2024-06-05',30),(676,749,2,'2023-10-30',30),(677,750,2,'2024-06-14',30),(678,751,2,'2023-09-03',30),(679,752,2,'2024-05-12',30),(680,753,2,'2024-02-15',30),(681,754,2,'2024-02-01',30),(682,756,2,'2024-05-18',30),(683,757,2,'2024-02-15',30),(684,758,2,'2024-02-11',30),(685,759,2,'2023-11-17',30),(686,760,2,'2024-04-06',30),(687,761,2,'2024-05-01',30),(688,762,2,'2024-07-13',30),(689,763,2,'2023-08-14',30),(690,764,2,'2023-08-08',30),(691,765,2,'2024-02-08',30),(692,767,2,'2023-12-13',30),(693,768,2,'2023-10-24',30),(694,769,2,'2024-03-02',30),(695,770,2,'2023-10-11',30),(696,771,2,'2024-02-23',30),(697,772,2,'2024-03-19',30),(698,774,2,'2023-12-27',30),(699,775,2,'2024-04-16',30),(700,776,2,'2023-09-23',30),(701,777,2,'2024-06-02',30),(702,778,2,'2023-10-16',30),(703,780,2,'2023-12-15',30),(704,781,2,'2024-04-15',30),(705,782,2,'2024-02-28',30),(706,783,2,'2023-08-25',30),(707,784,2,'2024-06-21',30),(708,785,2,'2023-11-10',30),(709,786,2,'2024-02-26',30),(710,787,2,'2024-05-28',30),(711,788,2,'2023-08-03',30),(712,790,2,'2024-06-12',30),(713,791,2,'2024-03-04',30),(714,792,2,'2023-10-06',30),(715,793,2,'2023-08-27',30),(716,794,2,'2024-07-11',30),(717,795,2,'2023-09-10',30),(718,796,2,'2023-11-02',30),(719,798,2,'2024-02-29',30),(720,799,2,'2024-06-01',30),(721,800,2,'2023-12-01',30),(722,801,2,'2024-01-25',30),(723,803,2,'2024-02-24',30),(724,804,2,'2023-09-20',30),(725,805,2,'2023-11-15',30),(726,806,2,'2024-04-07',30),(727,807,2,'2023-10-10',30),(728,808,2,'2024-05-04',30),(729,811,2,'2024-07-09',30),(730,812,2,'2024-01-06',30),(731,815,2,'2023-12-13',30),(732,816,2,'2023-09-12',30),(733,817,2,'2024-06-01',30),(734,818,2,'2023-12-14',30),(735,819,2,'2024-04-01',30),(736,820,2,'2024-07-06',30),(737,822,2,'2023-08-01',30),(738,823,2,'2023-11-20',30),(739,824,2,'2023-10-21',30),(740,825,2,'2024-06-07',30),(741,826,2,'2024-04-28',30),(742,827,2,'2024-04-08',30),(743,828,2,'2024-06-30',30),(744,829,2,'2024-02-15',30),(745,830,2,'2023-10-20',30),(746,831,2,'2024-01-10',30),(747,832,2,'2024-03-18',30),(748,834,2,'2023-09-03',30),(749,835,2,'2023-09-07',30),(750,836,2,'2024-03-17',30),(751,837,2,'2024-04-16',30),(752,838,2,'2023-08-29',30),(753,839,2,'2023-10-04',30),(754,840,2,'2024-01-22',30),(755,841,2,'2024-04-30',30),(756,842,2,'2023-12-11',30),(757,843,2,'2024-07-04',30),(758,845,2,'2023-08-13',30),(759,846,2,'2023-09-12',30),(760,847,2,'2024-07-26',30),(761,848,2,'2023-09-22',30),(762,849,2,'2024-01-31',30),(763,850,2,'2024-03-23',30),(764,852,2,'2024-05-14',30),(765,853,2,'2024-05-14',30),(766,854,2,'2023-08-08',30),(767,855,2,'2024-07-11',30),(768,856,2,'2023-08-21',30),(769,857,2,'2024-03-17',30),(770,859,2,'2024-05-20',30),(771,860,2,'2023-12-27',30),(772,861,2,'2023-12-12',30),(773,862,2,'2024-01-22',30),(774,863,2,'2023-11-01',30),(775,864,2,'2024-03-08',30),(776,865,2,'2024-07-20',30),(777,866,2,'2023-10-31',30),(778,868,2,'2023-08-17',30),(779,869,2,'2024-06-12',30),(780,870,2,'2024-05-20',30),(781,871,2,'2023-10-16',30),(782,872,2,'2024-02-24',30),(783,873,2,'2024-03-20',30),(784,874,2,'2024-01-24',30),(785,875,2,'2023-10-19',30),(786,876,2,'2023-11-16',30),(787,877,2,'2024-06-21',30),(788,878,2,'2023-09-25',30),(789,879,2,'2023-09-29',30),(790,880,2,'2024-04-11',30),(791,881,2,'2023-09-12',30),(792,882,2,'2024-01-05',30),(793,883,2,'2024-02-27',30),(794,884,2,'2023-10-20',30),(795,885,2,'2023-09-17',30),(796,886,2,'2023-12-12',30),(797,888,2,'2024-03-07',30),(798,889,2,'2023-08-03',30),(799,890,2,'2024-07-07',30),(800,891,2,'2023-12-18',30),(801,892,2,'2023-11-29',30),(802,894,2,'2024-07-16',30),(803,895,2,'2024-04-06',30),(804,896,2,'2024-03-10',30),(805,897,2,'2024-03-24',30),(806,898,2,'2024-01-18',30),(807,899,2,'2024-07-22',30),(808,900,2,'2024-03-18',30),(809,902,2,'2024-05-10',30),(810,903,2,'2024-07-23',30),(811,904,2,'2023-09-03',30),(812,905,2,'2024-03-06',30),(813,906,2,'2023-09-18',30),(814,907,2,'2023-12-18',30),(815,908,2,'2024-04-04',30),(816,909,2,'2023-11-01',30),(817,910,2,'2024-01-08',30),(818,911,2,'2024-03-10',30),(819,912,2,'2024-07-01',30),(820,913,2,'2024-03-20',30),(821,914,2,'2024-05-08',30),(822,915,2,'2024-06-12',30),(823,916,2,'2024-05-19',30),(824,917,2,'2024-04-18',30),(825,918,2,'2023-10-01',30),(826,919,2,'2023-12-08',30),(827,920,2,'2024-01-26',30),(828,921,2,'2023-10-18',30),(829,922,2,'2023-09-04',30),(830,923,2,'2024-01-31',30),(831,924,2,'2023-12-21',30),(832,925,2,'2023-12-13',30),(833,926,2,'2024-03-22',30),(834,927,2,'2024-04-17',30),(835,928,2,'2023-11-17',30),(836,929,2,'2023-09-08',30),(837,930,2,'2024-03-15',30),(838,931,2,'2023-09-05',30),(839,932,2,'2024-03-07',30),(840,933,2,'2024-02-27',30),(841,934,2,'2023-11-30',30),(842,935,2,'2024-01-21',30),(843,936,2,'2024-06-24',30),(844,937,2,'2023-10-31',30),(845,938,2,'2023-11-21',30),(846,939,2,'2023-10-16',30),(847,940,2,'2024-04-20',30),(848,941,2,'2024-04-05',30),(849,942,2,'2023-12-06',30),(850,943,2,'2024-01-10',30),(851,944,2,'2023-09-08',30),(852,945,2,'2024-02-15',30),(853,947,2,'2024-06-10',30),(854,948,2,'2023-12-22',30),(855,949,2,'2024-02-06',30),(856,950,2,'2024-07-15',30),(857,951,2,'2023-08-05',30),(858,952,2,'2024-01-02',30),(859,954,2,'2023-09-25',30),(860,955,2,'2024-07-20',30),(861,956,2,'2023-11-20',30),(862,957,3,'2024-02-12',7),(863,958,3,'2024-01-23',7),(864,959,3,'2024-03-21',7),(865,960,3,'2023-10-25',7),(866,962,3,'2024-03-31',7),(867,963,3,'2024-05-01',7),(868,964,3,'2024-03-06',7),(869,965,3,'2024-07-06',7),(870,966,3,'2023-08-22',7),(871,967,3,'2024-02-15',7),(872,969,3,'2024-01-23',7),(873,970,3,'2024-06-24',7),(874,971,3,'2024-04-17',7),(875,972,3,'2024-06-27',7),(876,973,3,'2023-08-09',7),(877,974,3,'2023-08-25',7),(878,976,3,'2024-03-28',7),(879,977,3,'2023-10-23',7),(880,978,3,'2024-03-01',7),(881,979,3,'2024-01-11',7),(882,980,3,'2024-04-27',7),(883,981,3,'2024-06-10',7),(884,982,3,'2023-10-10',7);
/*!40000 ALTER TABLE `member_subscription` ENABLE KEYS */;
UNLOCK TABLES;

--
-- Table structure for table `member_subscription_seq`
--

DROP TABLE IF EXISTS `member_subscription_seq`;
/*!40101 SET @saved_cs_client     = @@character_set_client */;
/*!50503 SET character_set_client = utf8mb4 */;
CREATE TABLE `member_subscription_seq` (
  `next_val` bigint DEFAULT NULL
) ENGINE=InnoDB DEFAULT CHARSET=utf8mb4 COLLATE=utf8mb4_0900_ai_ci;
/*!40101 SET character_set_client = @saved_cs_client */;

--
-- Dumping data for table `member_subscription_seq`
--

LOCK TABLES `member_subscription_seq` WRITE;
/*!40000 ALTER TABLE `member_subscription_seq` DISABLE KEYS */;
INSERT INTO `member_subscription_seq` VALUES (201);
/*!40000 ALTER TABLE `member_subscription_seq` ENABLE KEYS */;
UNLOCK TABLES;

--
-- Table structure for table `role`
--

DROP TABLE IF EXISTS `role`;
/*!40101 SET @saved_cs_client     = @@character_set_client */;
/*!50503 SET character_set_client = utf8mb4 */;
CREATE TABLE `role` (
  `id` int NOT NULL,
  `name` varchar(255) DEFAULT NULL,
  PRIMARY KEY (`id`)
) ENGINE=InnoDB DEFAULT CHARSET=utf8mb4 COLLATE=utf8mb4_0900_ai_ci;
/*!40101 SET character_set_client = @saved_cs_client */;

--
-- Dumping data for table `role`
--

LOCK TABLES `role` WRITE;
/*!40000 ALTER TABLE `role` DISABLE KEYS */;
/*!40000 ALTER TABLE `role` ENABLE KEYS */;
UNLOCK TABLES;

--
-- Table structure for table `role_seq`
--

DROP TABLE IF EXISTS `role_seq`;
/*!40101 SET @saved_cs_client     = @@character_set_client */;
/*!50503 SET character_set_client = utf8mb4 */;
CREATE TABLE `role_seq` (
  `next_val` bigint DEFAULT NULL
) ENGINE=InnoDB DEFAULT CHARSET=utf8mb4 COLLATE=utf8mb4_0900_ai_ci;
/*!40101 SET character_set_client = @saved_cs_client */;

--
-- Dumping data for table `role_seq`
--

LOCK TABLES `role_seq` WRITE;
/*!40000 ALTER TABLE `role_seq` DISABLE KEYS */;
INSERT INTO `role_seq` VALUES (1);
/*!40000 ALTER TABLE `role_seq` ENABLE KEYS */;
UNLOCK TABLES;

--
-- Table structure for table `staff`
--

DROP TABLE IF EXISTS `staff`;
/*!40101 SET @saved_cs_client     = @@character_set_client */;
/*!50503 SET character_set_client = utf8mb4 */;
CREATE TABLE `staff` (
  `id` int NOT NULL AUTO_INCREMENT,
  `gender` varchar(255) DEFAULT NULL,
  `firstname` varchar(50) NOT NULL,
  `lastname` varchar(50) NOT NULL,
  `email` varchar(150) NOT NULL,
  `address` varchar(150) NOT NULL,
  `phone` varchar(25) NOT NULL,
  `picture` varchar(255) NOT NULL,
  `roleid` int NOT NULL,
  `active` tinyint NOT NULL,
  PRIMARY KEY (`id`),
  KEY `fk_staff_1_idx` (`roleid`),
  CONSTRAINT `fk_staff_1` FOREIGN KEY (`roleid`) REFERENCES `role` (`id`)
) ENGINE=InnoDB AUTO_INCREMENT=3 DEFAULT CHARSET=utf8mb4 COLLATE=utf8mb4_0900_ai_ci;
/*!40101 SET character_set_client = @saved_cs_client */;

--
-- Dumping data for table `staff`
--

LOCK TABLES `staff` WRITE;
/*!40000 ALTER TABLE `staff` DISABLE KEYS */;
/*!40000 ALTER TABLE `staff` ENABLE KEYS */;
UNLOCK TABLES;

--
-- Table structure for table `staff_seq`
--

DROP TABLE IF EXISTS `staff_seq`;
/*!40101 SET @saved_cs_client     = @@character_set_client */;
/*!50503 SET character_set_client = utf8mb4 */;
CREATE TABLE `staff_seq` (
  `next_val` bigint DEFAULT NULL
) ENGINE=InnoDB DEFAULT CHARSET=utf8mb4 COLLATE=utf8mb4_0900_ai_ci;
/*!40101 SET character_set_client = @saved_cs_client */;

--
-- Dumping data for table `staff_seq`
--

LOCK TABLES `staff_seq` WRITE;
/*!40000 ALTER TABLE `staff_seq` DISABLE KEYS */;
INSERT INTO `staff_seq` VALUES (1);
/*!40000 ALTER TABLE `staff_seq` ENABLE KEYS */;
UNLOCK TABLES;

--
-- Table structure for table `subscription`
--

DROP TABLE IF EXISTS `subscription`;
/*!40101 SET @saved_cs_client     = @@character_set_client */;
/*!50503 SET character_set_client = utf8mb4 */;
CREATE TABLE `subscription` (
  `id` int NOT NULL AUTO_INCREMENT,
  `name` varchar(50) NOT NULL,
  `price` int NOT NULL,
  `active` tinyint NOT NULL,
  `duration` enum('daily','monthly','year') NOT NULL,
  PRIMARY KEY (`id`)
) ENGINE=InnoDB AUTO_INCREMENT=4 DEFAULT CHARSET=utf8mb4 COLLATE=utf8mb4_0900_ai_ci;
/*!40101 SET character_set_client = @saved_cs_client */;

--
-- Dumping data for table `subscription`
--

LOCK TABLES `subscription` WRITE;
/*!40000 ALTER TABLE `subscription` DISABLE KEYS */;
INSERT INTO `subscription` VALUES (1,'GOLD',300,1,'year'),(2,'SILVER',30,1,'monthly'),(3,'BRONZE',7,1,'daily');
/*!40000 ALTER TABLE `subscription` ENABLE KEYS */;
UNLOCK TABLES;

--
-- Table structure for table `subscription_seq`
--

DROP TABLE IF EXISTS `subscription_seq`;
/*!40101 SET @saved_cs_client     = @@character_set_client */;
/*!50503 SET character_set_client = utf8mb4 */;
CREATE TABLE `subscription_seq` (
  `next_val` bigint DEFAULT NULL
) ENGINE=InnoDB DEFAULT CHARSET=utf8mb4 COLLATE=utf8mb4_0900_ai_ci;
/*!40101 SET character_set_client = @saved_cs_client */;

--
-- Dumping data for table `subscription_seq`
--

LOCK TABLES `subscription_seq` WRITE;
/*!40000 ALTER TABLE `subscription_seq` DISABLE KEYS */;
INSERT INTO `subscription_seq` VALUES (1);
/*!40000 ALTER TABLE `subscription_seq` ENABLE KEYS */;
UNLOCK TABLES;
/*!40103 SET TIME_ZONE=@OLD_TIME_ZONE */;

/*!40101 SET SQL_MODE=@OLD_SQL_MODE */;
/*!40014 SET FOREIGN_KEY_CHECKS=@OLD_FOREIGN_KEY_CHECKS */;
/*!40014 SET UNIQUE_CHECKS=@OLD_UNIQUE_CHECKS */;
/*!40101 SET CHARACTER_SET_CLIENT=@OLD_CHARACTER_SET_CLIENT */;
/*!40101 SET CHARACTER_SET_RESULTS=@OLD_CHARACTER_SET_RESULTS */;
/*!40101 SET COLLATION_CONNECTION=@OLD_COLLATION_CONNECTION */;
/*!40111 SET SQL_NOTES=@OLD_SQL_NOTES */;

-- Dump completed on 2024-08-06 17:24:19
